id,title,theoryContent,scriptContent,status,order,createdAt,updatedAt
cmulmxpyz0000szpx47wzs72s,"🎬 Píldora 1: ""Relájate antes de cantar"" (Basado en Cita #1)","<ul><li><strong>Teoría MLT:</strong> El movimiento fluido libre continuo es sin esfuerzo y libre de tensión. Ser capaz de sentir los cambios en el peso corporal es un aspecto central en la comprensión rítmica.</li><li><strong>Aplicación Práctica:</strong> Fomenta la relajación corporal en el juego diario: jueguen a ser gomas elásticas que se estiran y se aflojan por completo, o muñecos de nieve que se derriten lentamente, ayudando a que el cuerpo libere tensiones antes de realizar juegos cantados.</li><li><strong>Fuente:</strong> PARTE TEÓRICA 04092016 VERSIÓ KEYNOTE.pdf</li></ul>","<p><strong>Concepto:</strong> El movimiento fluido libre continuo es sin esfuerzo y libre de tensión.</p><p><strong>Duración aprox:</strong> 30 segundos.</p><ul><li><strong>[0:00 - 0:05] Gancho (Visual):</strong> Apareces estirándote como si acabaras de despertarte.</li><li><em>Texto en pantalla:</em> ¿Tu hijo se pone tenso cuando hacéis música?</li><li><em>Audio:</em> ""Si notas que tu peque se pone tenso o como un robot al jugar con música, haced esto antes de empezar.""</li><li><strong>[0:05 - 0:15] Explicación rápida:</strong></li><li><em>Audio:</em> ""Según la Teoría de Gordon, para entender el ritmo, el cuerpo necesita estar completamente libre de tensión. Nada de marchar como soldados rígidos.""</li><li><strong>[0:15 - 0:25] La Solución (Aplicación Práctica):</strong></li><li><em>Audio:</em> ""Jugad a ser muñecos de nieve que se derriten lentamente, o gomas elásticas que se estiran y se sueltan por completo de golpe.""</li><li><strong>[0:25 - 0:30] Cierre / CTA:</strong></li><li><em>Audio:</em> ""Ayúdale a liberar la tensión primero, y la música fluirá sola. Sígueme en Musicabalú para más tips musicales.""</li></ul>",Pendiente,0,2026-09-28 19:23:14.748,2026-09-28 19:23:14.748
cmulmxq1n0001szpxo80ey1rm,"🎬 Píldora 2: ""El objetivo NO es crear pequeños Mozart"" (Basado en Cita #2)","<ul><li><strong>Teoría MLT:</strong> ""La meta no es hacer músicos profesionales, si eso ocurre bienvenido sea. Lo que es quizá mucho más importante es preparar al niño para sentirse a gusto con la música, tanto al escucharla como al interpretarla, mientras continúa con su vida diaria y disfruta la vida al máximo."" — Edwin Gordon.</li><li><strong>Aplicación Práctica:</strong> Canta y muévete con tu hijo sin buscar la perfección técnica o la afinación exacta, sino con el objetivo de disfrutar de la música como un medio de comunicación, expresión y bienestar cotidiano.</li><li><strong>Fuente:</strong> Jugando con la música. Bebés.pdf</li></ul>","<p><strong>Concepto:</strong> La meta no es hacer músicos profesionales, sino disfrutar la música.</p><p><strong>Duración aprox:</strong> 35 segundos.</p><ul><li><strong>[0:00 - 0:05] Gancho (Visual):</strong> Miras a cámara muy serio, negando con el dedo.</li><li><em>Texto en pantalla:</em> El objetivo de educar musicalmente NO es este...</li><li><em>Audio:</em> ""El objetivo de que tu hijo escuche música desde bebé no es que acabe siendo un músico profesional de conservatorio.""</li><li><strong>[0:05 - 0:15] Explicación rápida:</strong></li><li><em>Audio:</em> ""Como decía Edwin Gordon, si eso ocurre, ¡bienvenido sea! Pero el verdadero objetivo es mucho más profundo.""</li><li><strong>[0:15 - 0:25] La Solución (Aplicación Práctica):</strong></li><li><em>Audio:</em> ""Queremos preparar al niño para que la música sea su refugio. Para que se sienta a gusto expresándose, cantando y bailando en su día a día, sin buscar la perfección ni la afinación exacta.""</li><li><strong>[0:25 - 0:30] Cierre / CTA:</strong></li><li><em>Audio:</em> ""Canta con tu peque para conectar, no para actuar. ¿Qué canción le cantas más? ¡Te leo en comentarios!""</li></ul>",Pendiente,1,2026-09-28 19:23:14.844,2026-09-28 19:23:14.844
cmulmxq310002szpxku4twegk,"🎬 Píldora 3: ""El secreto está en respirar"" (Basado en Cita #3)","<ul><li><strong>Teoría MLT:</strong> La respiración previa a la ejecución musical es fundamental: 'La respiración... tiene mucha relación con el proceso de comprensión musical'. En los patrones rítmicos, ejemplificar una respiración con la duración exacta de un macropulso proporciona de inmediato al oyente la información física y espacial sobre el tempo del patrón.</li><li><strong>Aplicación Práctica:</strong> Antes de cantarle cualquier canción corta o patrón rítmico a tu hijo, haz contacto visual, sonríe e inspira de forma visible y relajada al tempo exacto de la música antes de emitir el primer sonido.</li><li><strong>Fuente:</strong> Jugando con la música. Bebés.pdf</li></ul>","<p><strong>Concepto:</strong> La respiración previa comunica el tempo musical.</p><p><strong>Duración aprox:</strong> 30 segundos.</p><ul><li><strong>[0:00 - 0:05] Gancho (Visual):</strong> Haces una inhalación profunda y muy exagerada.</li><li><em>Texto en pantalla:</em> El truco mágico antes de cantarle a tu bebé.</li><li><em>Audio:</em> ""¿Sabías que el secreto para que tu bebé entienda el ritmo está en tu respiración?""</li><li><strong>[0:05 - 0:15] Explicación rápida:</strong></li><li><em>Audio:</em> ""Antes de emitir el primer sonido de una canción, debes respirar de forma visible y relajada, durando exactamente lo que dura el pulso de la canción.""</li><li><strong>[0:15 - 0:25] La Solución (Aplicación Práctica):</strong></li><li><em>Audio:</em> ""Mira a tu bebé a los ojos, sonríe, y haz una respiración sonora: '¡Ah!'. Esa respiración le da a su cerebro toda la información sobre la velocidad y la energía de lo que vas a cantar.""</li><li><strong>[0:25 - 0:30] Cierre / CTA:</strong></li><li><em>Audio:</em> ""Pruébalo hoy mismo y fíjate en su cara. ¡Guárdate este vídeo para no olvidarlo!""</li></ul>",Pendiente,2,2026-09-28 19:23:14.893,2026-09-28 19:23:14.893
cmulmxq4e0003szpxzpgk2a7k,"🎬 Píldora 4: ""Calentamiento simple en casa"" (Basado en Cita #4)","<ul><li><strong>Teoría MLT:</strong> 'Con lo simple se destraba la acción, y con la acción se pone en marcha el aprendizaje'. Comenzar con actividades de la fase de aculturación (movimiento libre, balanceo básico) es indispensable en cada sesión, incluso con niños mayores o canciones nuevas, porque genera confianza y asienta las bases para las variantes más complejas.</li><li><strong>Aplicación Práctica:</strong> Antes de intentar juegos musicales complejos en casa, inicia siempre con un calentamiento muy simple: balanceos suaves de lado a lado con el niño en brazos o sentados en el suelo, respirando profundamente al inicio de cada frase musical para conectar corporalmente.</li><li><strong>Fuente:</strong> Jugando con la música. Bebés.pdf</li></ul>","<p><strong>Concepto:</strong> Con lo simple se destraba la acción (Fase de aculturación).</p><p><strong>Duración aprox:</strong> 25 segundos.</p><ul><li><strong>[0:00 - 0:05] Gancho (Visual):</strong> Haces un gesto de agobio.</li><li><em>Texto en pantalla:</em> No empieces la casa por el tejado.</li><li><em>Audio:</em> ""Si intentas hacer juegos musicales complejos con tus hijos y no funcionan, retrocede un paso.""</li><li><strong>[0:05 - 0:15] Explicación rápida:</strong></li><li><em>Audio:</em> ""Como dice la teoría MLT, con lo simple se destraba la acción. Y lo más simple es el movimiento base.""</li><li><strong>[0:15 - 0:20] La Solución (Aplicación Práctica):</strong></li><li><em>Audio:</em> ""Empieza siempre con un balanceo suave de lado a lado. Sienta a tu peque en tus rodillas y balancéate mientras respiras profundo. Esa es la base de todo lo demás.""</li><li><strong>[0:20 - 0:25] Cierre / CTA:</strong></li><li><em>Audio:</em> ""Únete a la plataforma de Musicabalú si quieres aprender todos estos juegos paso a paso.""</li></ul>",Pendiente,3,2026-09-28 19:23:14.942,2026-09-28 19:23:14.942
cmulmxq5r0004szpx3vjmz0f4,"🎬 Píldora 5: ""Música no es solo hacer ruido"" (Basado en Cita #5)","<ul><li><strong>Teoría MLT:</strong> 'La diversión es temporal, pero la comprensión de la música te sostiene durante toda la vida'. Edwin Gordon recalca que, aunque el entretenimiento es valioso, el verdadero disfrute y la apreciación musical a largo plazo provienen de la capacidad de comprender la estructura interna de la música (audiación).</li><li><strong>Aplicación Práctica:</strong> En casa, equilibra las actividades puramente lúdicas y ruidosas con momentos de escucha atenta, cantando canciones cortas y tranquilas sin letra, y animando a tu hijo a sentir el silencio que sigue a la música.</li><li><strong>Fuente:</strong> MUSIC PLAY.pdf</li></ul>","<p><strong>Concepto:</strong> El verdadero disfrute proviene de comprender la estructura interna (Audiación).</p><p><strong>Duración aprox:</strong> 35 segundos.</p><ul><li><strong>[0:00 - 0:05] Gancho (Visual):</strong> Tienes unas maracas o un tambor y lo tocas haciendo mucho ruido y luego lo escondes.</li><li><em>Texto en pantalla:</em> Música NO es solo hacer ruido.</li><li><em>Audio:</em> ""La diversión de hacer ruido con tambores es pasajera, pero comprender la música te sostiene toda la vida.""</li><li><strong>[0:05 - 0:15] Explicación rápida:</strong></li><li><em>Audio:</em> ""Si quieres que tu peque desarrolle verdadera inteligencia musical (lo que llamamos Audiación), tienes que equilibrar el ruido con la escucha atenta.""</li><li><strong>[0:15 - 0:25] La Solución (Aplicación Práctica):</strong></li><li><em>Audio:</em> ""En casa, combina los momentos locos y ruidosos con momentos de calma absoluta. Canta canciones cortas sin letra (usando 'pam, pam') y anímale a sentir el silencio que queda flotando después de la canción.""</li><li><strong>[0:25 - 0:30] Cierre / CTA:</strong></li><li><em>Audio:</em> ""El silencio es donde ocurre la magia cerebral. ¡Sígueme en Musicabalú para aprender más!""</li></ul>",Pendiente,4,2026-09-28 19:23:14.991,2026-09-28 19:23:14.991
cmulmxq770005szpx1zyz0l9z,"🎬 Píldora 6: ""Nunca le digas esto a tu hijo"" (Cita #6)","<ul><li><strong>Teoría MLT:</strong> A ninguna edad y bajo ninguna circunstancia se le debe decir a un niño en audiación preparatoria que sus patrones musicales son incorrectos, o que su respiración y movimientos no están coordinados con su canto.</li><li><strong>Aplicación Práctica:</strong> Evita frases evaluativas como 'lo hiciste mal' o 'así no es'. El aprendizaje musical en la infancia temprana se basa en la auto-corrección mediante la observación de un modelo adulto que se mueve y respira de forma coordinada.</li><li><strong>Fuente:</strong> MUSIC PLAY.pdf</li></ul>","<p><strong>Concepto:</strong> Nunca decir que sus patrones son incorrectos.</p><p><strong>Duración aprox:</strong> 30 segundos.</p><ul><li><strong>[0:00 - 0:05] Gancho:</strong> Niegas con la cabeza cruzando los brazos.</li><li><em>Texto:</em> Nunca le digas esto a tu hijo cuando cante.</li><li><em>Audio:</em> ""Si tu hijo pequeño está cantando o inventando canciones, jamás le digas la frase: 'así no se hace'.""</li><li><strong>[0:05 - 0:15] Explicación:</strong></li><li><em>Audio:</em> ""Según la educación musical temprana, a ninguna edad debes corregirle diciéndole que canta mal o que no lleva el ritmo. Su aprendizaje se basa en la auto-corrección, no en la crítica.""</li><li><strong>[0:15 - 0:25] La Solución:</strong></li><li><em>Audio:</em> ""Si lo hace diferente a ti, sonríele, imita lo que él ha hecho para que vea que le escuchas, y luego vuelve a cantarle tu versión original con mucho cariño.""</li><li><strong>[0:25 - 0:30] Cierre:</strong></li><li><em>Audio:</em> ""Déjale experimentar sin miedo a fallar. ¡Síguenos para más consejos musicales!""</li></ul>",Pendiente,5,2026-09-28 19:23:15.043,2026-09-28 19:23:15.043
cmulmxq8m0006szpxg51gx68e,"🎬 Píldora 7: ""No esperes que te imite"" (Cita #7)","<ul><li><strong>Teoría MLT:</strong> Durante la etapa de Aculturación (Fases 1 a 3), el niño no produce respuestas musicales formales, sino que construye su vocabulario auditivo a través de la escucha atenta de música variada y la observación y sensación de movimiento continuo.</li><li><strong>Aplicación Práctica:</strong> Canta melodías cortas o patrones de ritmo en casa usando sílabas sin significado (como 'pam, pam, pam' o 'ba, ba, ba') mientras te balanceas de lado a lado con tu bebé en brazos o frente a él. Hazlo de forma natural y fluida, sin esperar que te imite o cante contigo.</li><li><strong>Fuente:</strong> MUSIC PLAY.pdf</li></ul>","<p><strong>Concepto:</strong> En Aculturación, el niño no produce respuestas formales.</p><p><strong>Duración aprox:</strong> 30 segundos.</p><ul><li><strong>[0:00 - 0:05] Gancho:</strong> Miras a cámara con cara de alivio.</li><li><em>Texto:</em> ¿Tu bebé no canta contigo? Es normal.</li><li><em>Audio:</em> ""¿Te frustra cantarle canciones a tu bebé y que se quede mirando al vacío sin hacer nada?""</li><li><strong>[0:05 - 0:15] Explicación:</strong></li><li><em>Audio:</em> ""Tranquila. En sus primeros años están en la etapa de 'Aculturación'. Su cerebro es una esponja que solo absorbe. No están preparados para devolverte una respuesta musical exacta.""</li><li><strong>[0:15 - 0:25] La Solución:</strong></li><li><em>Audio:</em> ""Sigue cantándole y balanceándote con él. Canta sílabas sueltas como 'pam, pam' y muévete. Él está construyendo su vocabulario musical en silencio.""</li><li><strong>[0:25 - 0:30] Cierre:</strong></li><li><em>Audio:</em> ""El aprendizaje va por dentro. Si quieres aprender más juegos, el enlace está en mi perfil.""</li></ul>",Pendiente,6,2026-09-28 19:23:15.094,2026-09-28 19:23:15.094
cmulmxq9z0007szpxgvj80qsu,"🎬 Píldora 8: ""El balbuceo musical"" (Cita #8)","<ul><li><strong>Teoría MLT:</strong> El balbuceo musical (Music Babble) consiste en los sonidos musicales intuitivos que un niño pequeño produce antes de desarrollar un sentido objetivo de la tonalidad y el metro. El balbuceo musical es a la música lo que el balbuceo hablado es al lenguaje.</li><li><strong>Aplicación Práctica:</strong> Cuando tu bebé haga sonidos cantados o balbuceos con entonación, no lo corrijas; en su lugar, imita sus sonidos de vuelta de forma lúdica para validar su comunicación musical.</li><li><strong>Fuente:</strong> MUSIC PLAY.pdf</li></ul>",,Pendiente,7,2026-09-28 19:23:15.143,2026-09-28 19:23:15.143
cmulmxqbc0008szpxr5w8blhg,"🎬 Píldora 9: ""Olvida marchar como soldado"" (Cita Autoridad #1)",<ul><li><strong>Teoría MLT:</strong> Movimiento fluido continuo vs. Movimiento rígido.</li><li><strong>Aplicación Práctica:</strong> Ver guion abajo.</li><li><strong>Fuente:</strong> Guiones generados</li></ul>,"<p><strong>Concepto:</strong> Movimiento fluido continuo vs. Movimiento rígido.</p><p><strong>Duración aprox:</strong> 30 segundos.</p><ul><li><strong>[0:00 - 0:05] Gancho:</strong> Caminas rígidamente como un robot y de repente paras.</li><li><em>Texto:</em> Deja de marchar como un robot.</li><li><em>Audio:</em> ""Marchar como soldados es el peor ejercicio que puedes hacer para que tu hijo aprenda el ritmo.""</li><li><strong>[0:05 - 0:15] Explicación:</strong></li><li><em>Audio:</em> ""Los niños necesitan entender la música a través del flujo y el peso de su cuerpo, y la rigidez bloquea ese aprendizaje.""</li><li><strong>[0:15 - 0:25] La Solución:</strong></li><li><em>Audio:</em> ""En casa, coged unos pañuelos de tela ligera o un peluche y movedlos dibujando ochos en el aire. Involucra todo el cuerpo: hombros, caderas y rodillas flexionadas.""</li><li><strong>[0:25 - 0:30] Cierre:</strong></li><li><em>Audio:</em> ""Movimiento suave igual a mejor musicalidad. ¡Pruébalo esta tarde!""</li></ul>",Pendiente,8,2026-09-28 19:23:15.193,2026-09-28 19:23:15.193
cmulmxqcp0009szpxxiymj55g,"🎬 Píldora 10: ""El superpoder de la Audiación"" (Concepto MLT #1)","<ul><li><strong>Teoría MLT:</strong> La 'Audiación' (audiation) es el proceso cognitivo central de la MLT y consiste en la capacidad de escuchar y comprender mentalmente la música en nuestro cerebro cuando el sonido físico ya no está presente.</li><li><strong>Aplicación Práctica:</strong> Mientras cantas una melodía que tu hijo conozca bien, detente repentinamente antes de la última nota (el tono de reposo). Deja un momento de silencio para que el niño la complete cantando o la piense en su mente, estimulando así su capacidad de audiar.</li><li><strong>Fuente:</strong> MUSIC PLAY.pdf</li></ul>",,Pendiente,9,2026-09-28 19:23:15.241,2026-09-28 19:23:15.241
cmulmxqe0000aszpxkjbgu799,"🎬 Píldora 11: ""Música = Lenguaje"" (FAQ #1)","<ul><li><strong>Teoría MLT:</strong> ¿Cómo se aprende la música según la MLT de Gordon? Se aprende exactamente igual que el lenguaje hablado: primero a través del oído y la captación intuitiva (discriminación e inferencia), mucho antes de pasar a la lectura o escritura de notas.</li><li><strong>Aplicación Práctica:</strong> En casa, prioriza siempre el canto directo, el movimiento libre y los juegos musicales sobre el uso de pantallas o la enseñanza de teoría musical y notas en partituras.</li><li><strong>Fuente:</strong> PARTE TEÓRICA 04092016 VERSIÓ KEYNOTE.pdf</li></ul>","<p><strong>Concepto:</strong> La música se aprende igual que el lenguaje hablado.</p><p><strong>Duración aprox:</strong> 30 segundos.</p><ul><li><strong>[0:00 - 0:05] Gancho:</strong> Apareces sosteniendo un libro de partituras y lo tiras a un lado (suavemente).</li><li><em>Texto:</em> No le enseñes partituras a tu bebé.</li><li><em>Audio:</em> ""¿Le enseñarías a leer a un bebé antes de enseñarle a hablar? Claro que no. ¡Con la música pasa lo mismo!""</li><li><strong>[0:05 - 0:15] Explicación:</strong></li><li><em>Audio:</em> ""La música se aprende exactamente igual que nuestro idioma materno: escuchando, balbuceando, y experimentando durante años antes de ver una sola nota escrita.""</li><li><strong>[0:15 - 0:25] La Solución:</strong></li><li><em>Audio:</em> ""En casa, olvídate de la teoría musical o de pantallas interactivas. Canta directamente, muévete con él y jugad. El oído va muchísimo antes que el ojo.""</li><li><strong>[0:25 - 0:30] Cierre:</strong></li><li><em>Audio:</em> ""Apaga la pantalla y enciende tu voz. Sígueme en Musicabalú.""</li></ul>",Pendiente,10,2026-09-28 19:23:15.289,2026-09-28 19:23:15.289
cmulmxqff000bszpx5v5t5226,"🎬 Píldora 12: ""¿Qué es un patrón musical?"" (FAQ #2)","<ul><li><strong>Teoría MLT:</strong> ¿Qué es un patrón en la MLT de Gordon? Un patrón es una pequeña unidad musical con sentido completo. El aprendizaje musical se produce bajo el enfoque de 'Todo-Parte-Todo', donde el todo es el contexto (el modo, la métrica de la canción) y las partes son los patrones rítmicos o tonales que se aíslan brevemente para interactuar individualmente con el niño.</li><li><strong>Aplicación Práctica:</strong> Después de cantarle una canción corta a tu hijo, aísla un pequeño fragmento de solo dos o tres notas (un patrón tonal) o un breve ritmo (un patrón rítmico) usando sílabas neutras, y repíteselo mirándolo a los ojos, invitándole sutilmente a responder con su propia voz.</li><li><strong>Fuente:</strong> PARTE TEÓRICA 04092016 VERSIÓ KEYNOTE.pdf</li></ul>","<p><strong>Concepto:</strong> Todo-Parte-Todo y patrones tonales.</p><p><strong>Duración aprox:</strong> 30 segundos.</p><ul><li><strong>[0:00 - 0:05] Gancho:</strong> Juntas los dedos simulando algo pequeñito.</li><li><em>Texto:</em> El ingrediente secreto de las canciones.</li><li><em>Audio:</em> ""Las canciones están formadas por pequeñas 'palabras' musicales que llamamos patrones.""</li><li><strong>[0:05 - 0:15] Explicación:</strong></li><li><em>Audio:</em> ""Si le cantas una canción entera a tu hijo, es genial, pero para que de verdad aprenda música, necesitas aislar esas 'palabras' un momento.""</li><li><strong>[0:15 - 0:25] La Solución:</strong></li><li><em>Audio:</em> ""Después de cantarle, coge solo dos o tres notas (por ejemplo 'pam... pam... pam') y cántaselas mirándole a los ojos. Estarás aislando un patrón para que lo entienda mucho mejor.""</li><li><strong>[0:25 - 0:30] Cierre:</strong></li><li><em>Audio:</em> ""Es el enfoque Todo-Parte-Todo. ¡Un truco de profes que puedes hacer en casa!""</li></ul>",Pendiente,11,2026-09-28 19:23:15.34,2026-09-28 19:23:15.34
cmulmxqgu000cszpxy9dl57y7,"🎬 Píldora 13: ""Ritmo en brazos"" (FAQ #3)","<ul><li><strong>Teoría MLT:</strong> Para organizar las sesiones de aprendizaje musical, Gordon sugiere dividir las clases por grupos según su desarrollo motor y verbal: de 0 a 12 meses (no caminan), de 13 a 24 meses (caminan, no verbales) y de 2 a 3 años (caminan, verbales).</li><li><strong>Aplicación Práctica:</strong> En casa, si tu bebé aún no camina, realiza los ritmos acunándolo y balanceándolo en tus brazos para que sienta el movimiento en su cuerpo. Si ya camina, invítalo a gatear, saltar o caminar libremente por el espacio mientras cantas.</li><li><strong>Fuente:</strong> PARTE TEÓRICA 04092016 VERSIÓ KEYNOTE.pdf</li></ul>","<p><strong>Concepto:</strong> Si el bebé no camina, tú eres su movimiento.</p><p><strong>Duración aprox:</strong> 25 segundos.</p><ul><li><strong>[0:00 - 0:05] Gancho:</strong> Abrazas un cojín o peluche como si fuera un bebé.</li><li><em>Texto:</em> Si tu bebé aún no camina, haz esto.</li><li><em>Audio:</em> ""¿Cómo le enseñas el ritmo a un bebé que todavía no sabe ni andar?""</li><li><strong>[0:05 - 0:15] Explicación:</strong></li><li><em>Audio:</em> ""¡Tú eres su cuerpo! Como no puede desplazarse, necesita sentir el movimiento musical a través de ti.""</li><li><strong>[0:15 - 0:20] La Solución:</strong></li><li><em>Audio:</em> ""Acúnalo, balancéate, y camina con él en brazos de manera muy fluida mientras cantas. Así sentirá el peso de la música directamente en su cuerpo.""</li><li><strong>[0:20 - 0:25] Cierre:</strong></li><li><em>Audio:</em> ""El movimiento se contagia. ¡Baila con tu bebé hoy!""</li></ul>",Pendiente,12,2026-09-28 19:23:15.39,2026-09-28 19:23:15.39
cmulmxqi7000dszpxy2wjhk95,"🎬 Píldora 14: ""Varía la dieta musical"" (FAQ #4)","<ul><li><strong>Teoría MLT:</strong> ¿Cómo debe estructurarse una sesión musical efectiva? Debe ser fluida y flexible, combinando una amplia variedad de modos musicales y métricas rítmicas, un equilibrio entre canciones conocidas y nuevas, temas con y sin letra, y alternando actividades sentados, de pie o en movimiento libre.</li><li><strong>Aplicación Práctica:</strong> No te limites a cantar siempre las mismas canciones de cuna tradicionales en tono mayor. Varía el repertorio tarareando melodías sin palabras (usando sílabas como 'pam' o 'la') en diferentes escalas y ritmos rápidos y lentos.</li><li><strong>Fuente:</strong> PARTE TEÓRICA 04092016 VERSIÓ KEYNOTE.pdf</li></ul>","<p><strong>Concepto:</strong> Variedad de modos y métricas.</p><p><strong>Duración aprox:</strong> 30 segundos.</p><ul><li><strong>[0:00 - 0:05] Gancho:</strong> Haces un gesto de aburrimiento.</li><li><em>Texto:</em> Cuidado con la ""comida rápida"" musical.</li><li><em>Audio:</em> ""Cantarle siempre 'Estrellita dónde estás' a tu bebé es como darle de comer solo macarrones.""</li><li><strong>[0:05 - 0:15] Explicación:</strong></li><li><em>Audio:</em> ""Las típicas canciones infantiles están bien, pero su cerebro necesita una dieta musical mucho más rica para no estancarse.""</li><li><strong>[0:15 - 0:25] La Solución:</strong></li><li><em>Audio:</em> ""Cántale melodías inventadas usando sílabas como 'pam, pam'. Haz ritmos raros, rápidos, lentos, con melodías misteriosas o muy alegres. ¡Sorpréndele!""</li><li><strong>[0:25 - 0:30] Cierre:</strong></li><li><em>Audio:</em> ""Cuanta más variedad, mayor vocabulario musical tendrá. ¡Sé creativo!""</li></ul>",Pendiente,13,2026-09-28 19:23:15.439,2026-09-28 19:23:15.439
cmulmxqjj000eszpx21j9agoq,"🎬 Píldora 15: ""Mi hijo va muy lento"" (FAQ #5)","<ul><li><strong>Teoría MLT:</strong> ¿Todos los niños aprenden música a la misma velocidad? Cada niño sigue exactamente la misma secuencia de etapas de audiació (Aculturación, Imitación, Asimilación), pero no evoluciona al mismo tiempo. El ritmo de desarrollo es individual.</li><li><strong>Aplicación Práctica:</strong> Evita las comparaciones con otros niños en clase. Respeta el ritmo único de tu hijo y sigue ofreciéndole un entorno musical rico sin presiones de tiempo.</li><li><strong>Fuente:</strong> PARTE TEÓRICA 04092016 VERSIÓ KEYNOTE.pdf</li></ul>","<p><strong>Concepto:</strong> Cada niño sigue la misma secuencia a diferente tiempo.</p><p><strong>Duración aprox:</strong> 25 segundos.</p><ul><li><strong>[0:00 - 0:05] Gancho:</strong> Gesto tranquilizador a la cámara.</li><li><em>Texto:</em> ""El hijo de mi vecina ya canta y el mío no"".</li><li><em>Audio:</em> ""¿Sientes que tu peque va atrasado musicalmente en comparación con otros niños?""</li><li><strong>[0:05 - 0:15] Explicación:</strong></li><li><em>Audio:</em> ""Tranquilidad absoluta. Todos los niños pasan exactamente por las mismas etapas de aprendizaje, pero cada uno lo hace a su propio ritmo temporal.""</li><li><strong>[0:15 - 0:20] La Solución:</strong></li><li><em>Audio:</em> ""Cero comparaciones. Tu único trabajo es ofrecerle un entorno rico en música, cantar con él y dejar que su cerebro madure sin prisas.""</li><li><strong>[0:20 - 0:25] Cierre:</strong></li><li><em>Audio:</em> ""La música no es una carrera. Acompáñale en Musicabalú.""</li></ul>",Pendiente,14,2026-09-28 19:23:15.488,2026-09-28 19:23:15.488
cmulmxqkx000fszpxa26eiyac,"🎬 Píldora 16: ""El poder del silencio"" (FAQ #6)","<ul><li><strong>Teoría MLT:</strong> ¿Por qué es tan importante el silencio en una sesión de música para bebés según Gordon? El silencio es el espacio donde realmente ocurre la audiation (la capacidad de escuchar y comprender la música internamente cuando el sonido ya no está físicamente presente). Sin silencio, el bebé solo reacciona al estímulo físico continuo sin procesarlo activamente.</li><li><strong>Aplicación Práctica:</strong> Cuando cantes o hagas patrones rítmicos en casa, detente de repente y mantén un silencio expectante de 3 a 4 segundos, manteniendo el contacto visual y una postura corporal abierta. Notarás cómo tu bebé permanece atento, 'escuchando' en su mente el final de la frase.</li><li><strong>Fuente:</strong> PARTE TEÓRICA 04092016 VERSIÓ KEYNOTE.pdf</li></ul>","<p><strong>Concepto:</strong> El silencio es el espacio donde ocurre la Audiación.</p><p><strong>Duración aprox:</strong> 35 segundos.</p><ul><li><strong>[0:00 - 0:05] Gancho:</strong> Te pones el dedo en los labios. ""Shhhhh"".</li><li><em>Texto:</em> El silencio es donde tu hijo aprende.</li><li><em>Audio:</em> ""En la música para bebés, el silencio no es 'vacío'. Es el momento más importante de toda la canción.""</li><li><strong>[0:05 - 0:15] Explicación:</strong></li><li><em>Audio:</em> ""Si nunca paras de cantar, el bebé solo recibe estímulos continuos. Es en el silencio donde su cerebro procesa lo que acaba de escuchar.""</li><li><strong>[0:15 - 0:25] La Solución:</strong></li><li><em>Audio:</em> ""Cuando cantes, detente de golpe, mantén el contacto visual y una postura expectante de 3 a 4 segundos. Verás cómo 'escucha' en su mente el final de la frase.""</li><li><strong>[0:25 - 0:30] Cierre:</strong></li><li><em>Audio:</em> ""Prueba este silencio activo hoy. ¡La reacción te sorprenderá!""</li></ul>",Pendiente,15,2026-09-28 19:23:15.537,2026-09-28 19:23:15.537
cmulmxqma000gszpxxrthwopy,"🎬 Píldora 17: ""El pulso del bebé"" (FAQ #7)","<ul><li><strong>Teoría MLT:</strong> ¿Por qué los niños en etapas tempranas no se coordinan fácilmente con el pulso que marcan los adultos? En la etapa de aculturación, los niños se fijan prioritariamente en el micropulso (las divisiones del pulso), mientras que los adultos tendemos a movernos y estructurar la música basándonos en el macropulso.</li><li><strong>Aplicación Práctica:</strong> Cuando te muevas con tu bebé, no fuerces palmadas al ritmo del pulso principal. En su lugar, balancéate de forma continua o haz caricias suaves y fluidas que le ayuden a sentir la fluidez del movimiento y las pequeñas subdivisiones del ritmo.</li><li><strong>Fuente:</strong> Jugando con la música. Bebés.pdf</li></ul>","<p><strong>Concepto:</strong> Los niños se fijan en el micropulso, no en el macropulso.</p><p><strong>Duración aprox:</strong> 35 segundos.</p><ul><li><strong>[0:00 - 0:05] Gancho:</strong> Das palmas muy marcadas y fuertes al ritmo.</li><li><em>Texto:</em> Por qué tu bebé no da palmas a tiempo.</li><li><em>Audio:</em> ""¿Intentas que tu bebé dé palmas al ritmo de la canción y parece que va a su bola?""</li><li><strong>[0:05 - 0:15] Explicación:</strong></li><li><em>Audio:</em> ""Nosotros los adultos sentimos el pulso principal (macropulso). Pero los bebés perciben la música mucho más rápido, fijándose en los pequeños micropulsos internos.""</li><li><strong>[0:15 - 0:25] La Solución:</strong></li><li><em>Audio:</em> ""No le fuerces a dar palmadas lentas y marcadas contigo. En su lugar, balancéate de forma continua o hazle caricias rápidas que fluyan con esas subdivisiones rítmicas.""</li><li><strong>[0:25 - 0:30] Cierre:</strong></li><li><em>Audio:</em> ""Siente la música a su velocidad, no a la tuya. ¡Sígueme para entender su mundo!""</li></ul>",Pendiente,16,2026-09-28 19:23:15.586,2026-09-28 19:23:15.586
cmulmxqnt000hszpxa6atm2ob,"🎬 Píldora 18: ""Melodía y ritmo no van juntos"" (FAQ #8)","<ul><li><strong>Teoría MLT:</strong> ¿Por qué se enseñan por separado los patrones tonales de los rítmicos? Porque representan habilidades e inteligencias distintas que se desarrollan a ritmos e intensidades diferentes en cada persona. Además, los patrones son las 'palabras' del vocabulario musical y deben asimilarse por separado (entonación pura con sílaba neutra 'pam' frente a ritmo puro con sílaba 'pa') antes de unirlas.</li><li><strong>Aplicación Práctica:</strong> Dedica breves momentos cotidianos a jugar con patrones de entonación cortos (secuencias de 2 o 3 notas usando la sílaba 'pam') y otros momentos independientes a jugar con el ritmo (repitiendo pequeñas frases habladas y rítmicas con la sílaba 'pa').</li><li><strong>Fuente:</strong> Jugando con la música. Bebés.pdf</li></ul>","<p><strong>Concepto:</strong> Enseñar patrones tonales y rítmicos por separado.</p><p><strong>Duración aprox:</strong> 30 segundos.</p><ul><li><strong>[0:00 - 0:05] Gancho:</strong> Separas tus dos manos como si dividieras algo.</li><li><em>Texto:</em> Separa el ritmo de la afinación.</li><li><em>Audio:</em> ""¿Sabías que la entonación y el ritmo son inteligencias completamente diferentes en el cerebro de tu hijo?""</li><li><strong>[0:05 - 0:15] Explicación:</strong></li><li><em>Audio:</em> ""Si quieres ayudarle a aprender rápido, debes jugar con ellos por separado, como palabras distintas de un mismo vocabulario.""</li><li><strong>[0:15 - 0:25] La Solución:</strong></li><li><em>Audio:</em> ""Un ratito al día, juega a cantar 2 o 3 notas afinadas usando 'pam... pam'. Y en otro momento, juega solo a hacer ritmos hablados y palmas usando 'pa-pa'. Separarlos hace que lo asimilen mucho mejor.""</li><li><strong>[0:25 - 0:30] Cierre:</strong></li><li><em>Audio:</em> ""Divide y vencerás en la música. ¡Guarda este truco!""</li></ul>",Pendiente,17,2026-09-28 19:23:15.642,2026-09-28 19:23:15.642
cmulmxqp5000iszpxltphlmnk,"🎬 Píldora 19: ""Mezclar edades es magia"" (FAQ #9)","<ul><li><strong>Teoría MLT:</strong> ¿Es beneficioso mezclar niños de diferentes edades en una sesión de música? Sí, la MLT de Gordon apoya firmemente los grupos heterogéneos. Al igual que con el lenguaje en el hogar, un bebé aprende enormemente al absorber el modelo rico y complejo de los niños mayores, mientras que los más grandes asientan su confianza actuando como modelos avanzados sin sentir frustración.</li><li><strong>Aplicación Práctica:</strong> Si tienes hijos de diferentes edades, haz actividades musicales conjuntas. Canta y muévete de forma compleja con el hijo mayor (por ejemplo, saltando al ritmo) mientras sostienes al bebé en el regazo balanceándolo. El bebé absorberá la estructura musical compleja a través de la observación y el movimiento pasivo.</li><li><strong>Fuente:</strong> Jugando con la música. Bebés.pdf</li></ul>","<p><strong>Concepto:</strong> Grupos heterogéneos y aprendizaje.</p><p><strong>Duración aprox:</strong> 30 segundos.</p><ul><li><strong>[0:00 - 0:05] Gancho:</strong> Gesto de alegría mostrando dos dedos (dos hijos).</li><li><em>Texto:</em> ¿Tienes un bebé y un niño mayor? ¡Genial!</li><li><em>Audio:</em> ""Si tienes hijos de diferentes edades, hacer música todos juntos es el mejor regalo para su desarrollo.""</li><li><strong>[0:05 - 0:15] Explicación:</strong></li><li><em>Audio:</em> ""Al igual que con el lenguaje, un bebé aprende a una velocidad increíble observando los movimientos musicales más complejos de su hermano mayor.""</li><li><strong>[0:15 - 0:25] La Solución:</strong></li><li><em>Audio:</em> ""Baila dando saltos al ritmo con tu hijo mayor mientras sostienes al bebé en brazos. El mayor gana confianza al ser el 'modelo', y el bebé absorbe esa estructura a través del movimiento.""</li><li><strong>[0:25 - 0:30] Cierre:</strong></li><li><em>Audio:</em> ""La música en familia nos enriquece a todos. ¡Comparte este vídeo con más padres!""</li></ul>",Pendiente,18,2026-09-28 19:23:15.69,2026-09-28 19:23:15.69
cmulmxqqj000jszpx591ft44v,"🎬 Píldora 20: ""Respira antes de saltar"" (FAQ #10)","<ul><li><strong>Teoría MLT:</strong> ¿Por qué es importante respirar de manera exagerada antes de empezar a cantar o moverse? En la MLT, la respiración es la anacrusa física y mental: prepara el cuerpo, establece el tempo, el tono y la energía rítmica de la frase musical que va a comenzar.</li><li><strong>Aplicación Práctica:</strong> Antes de empezar cualquier juego musical, lanzar una pelota o dar un salto, haz una respiración profunda, sonora y visible ('¡Ssshh-Ah!'), abriendo los ojos con expectación. Esto ayudará a tu hijo a anticipar físicamente el movimiento y coordinar su cuerpo con el ritmo de forma natural.</li><li><strong>Fuente:</strong> Jugando con la música. Bebés.pdf</li></ul>","<p><strong>Concepto:</strong> La respiración como anacrusa física y mental.</p><p><strong>Duración aprox:</strong> 30 segundos.</p><ul><li><strong>[0:00 - 0:05] Gancho:</strong> Tomas aire muy fuerte y pones cara de suspense.</li><li><em>Texto:</em> El truco para coordinarte con tu peque.</li><li><em>Audio:</em> ""Este es el truco definitivo para que tu hijo se coordine contigo antes de un juego musical.""</li><li><strong>[0:05 - 0:15] Explicación:</strong></li><li><em>Audio:</em> ""En vez de contar aburrido 'un, dos, tres, ya', usa la respiración. Es el preparativo mental que indica a qué velocidad y con qué energía vamos a movernos.""</li><li><strong>[0:15 - 0:25] La Solución:</strong></li><li><em>Audio:</em> ""Antes de lanzarle una pelota al ritmo o dar un salto, haz una respiración ruidosa: '¡Shhh-Ah!', abriendo mucho los ojos. Verás cómo su cuerpo se prepara solo para atraparla.""</li><li><strong>[0:25 - 0:30] Cierre:</strong></li><li><em>Audio:</em> ""Pruébalo hoy jugando y me cuentas el resultado en los comentarios.""</li></ul>",Pendiente,19,2026-09-28 19:23:15.74,2026-09-28 19:23:15.74
cmulmxqrz000kszpx19ncfj2d,"🎬 Píldora 21: ""El truco para relajarlos"" (FAQ #11)",<ul><li><strong>Teoría MLT:</strong> A los niños pequeños no les suele agradar la idea de tumbarse pasivamente a dormir de forma directa. La relajación corporal y la audiation se benefician de la alternancia de dinámicas y contrastes rítmicos.</li><li><strong>Aplicación Práctica:</strong> Combina momentos de canciones de cuna o arrullos lentos con canciones contrastadas de ritmo alegre para 'despertar' mediante un juego de tensión y relajación.</li><li><strong>Fuente:</strong> Jugando con la música. Bebés.pdf</li></ul>,"<p><strong>Concepto:</strong> Tumbarse pasivamente vs Alternancia de dinámicas.</p><p><strong>Duración aprox:</strong> 30 segundos.</p><ul><li><strong>[0:00 - 0:05] Gancho:</strong> Apareces fingiendo dormir de pie.</li><li><em>Texto:</em> Por qué tu hijo odia tumbarse a dormir.</li><li><em>Audio:</em> ""¿Intentas ponerle música de cuna a tu hijo para relajarle y él se niega a tumbarse?""</li><li><strong>[0:05 - 0:15] Explicación:</strong></li><li><em>Audio:</em> ""A los niños pequeños no les gusta pasar de la actividad a la pasividad total de golpe. Necesitan un puente musical.""</li><li><strong>[0:15 - 0:25] La Solución:</strong></li><li><em>Audio:</em> ""En lugar de poner solo canciones lentas, mezcla un arrullo suave con una canción alegre que requiera tensión, y luego vuelve al arrullo. Este contraste de 'tensión-relajación' calmará su sistema nervioso de verdad.""</li><li><strong>[0:25 - 0:30] Cierre:</strong></li><li><em>Audio:</em> ""El contraste es el secreto. ¡Guárdate este vídeo para esta noche!""</li></ul>",Pendiente,20,2026-09-28 19:23:15.791,2026-09-28 19:23:15.791
cmulmxqtb000lszpxq4cn336n,"🎬 Píldora 22: ""El silencio no está vacío"" (FAQ #12)","<ul><li><strong>Teoría MLT:</strong> El silencio musical en la MLT de Gordon no es vacío, sino un espacio de alta actividad cognitiva donde se produce la anticipación del pulso y se prepara el cuerpo para respirar y moverse con precisión.</li><li><strong>Aplicación Práctica:</strong> Utiliza juegos de suspense como el 'cucú-tras' o detén repentinamente un recitado en casa. Deja un espacio de silencio breve antes del desenlace para que el niño aprenda a anticipar físicamente el momento exacto de retomar la actividad.</li><li><strong>Fuente:</strong> Jugando con la música. Bebés.pdf</li></ul>","<p><strong>Concepto:</strong> El silencio prepara el cuerpo y anticipa el pulso.</p><p><strong>Duración aprox:</strong> 30 segundos.</p><ul><li><strong>[0:00 - 0:05] Gancho:</strong> Miras el reloj, cuentas con los dedos y asientes.</li><li><em>Texto:</em> El silencio en la música de bebés NO está vacío.</li><li><em>Audio:</em> ""El momento de mayor actividad en el cerebro de tu bebé ocurre cuando no hay sonido.""</li><li><strong>[0:05 - 0:15] Explicación:</strong></li><li><em>Audio:</em> ""El silencio musical es el espacio donde el niño procesa lo escuchado y se prepara para anticipar físicamente lo que viene después.""</li><li><strong>[0:15 - 0:25] La Solución:</strong></li><li><em>Audio:</em> ""Usa juegos de suspense como el 'cucú-tras' o detén un recitado de golpe. Deja un silencio breve y verás cómo su cuerpo se prepara solo para retomar la actividad.""</li><li><strong>[0:25 - 0:30] Cierre:</strong></li><li><em>Audio:</em> ""Dale espacio para 'pensar' la música. ¡Sígueme para más descubrimientos!""</li></ul>",Pendiente,21,2026-09-28 19:23:15.84,2026-09-28 19:23:15.84
cmulmxqun000mszpxuk0gwpvp,"🎬 Píldora 23: ""¿Cuándo empezar el piano?"" (FAQ #14)","<ul><li><strong>Teoría MLT:</strong> ¿Cuándo está listo un niño para clases de piano o violín? Según la MLT, las lecciones formales de instrumentos deben comenzar solo después de que el niño haya salido de la etapa de 'balbuceo musical' (tanto tonal como rítmico), lo que significa que ya es capaz de duplicar conscientemente y con objetividad el metro, tempo y tonalidad de lo que escucha. Introducir clases antes de esto limita el aprendizaje a una decodificación visual y mecánica de símbolos sin significado real.</li><li><strong>Aplicación Práctica:</strong> Antes de contratar clases de música tradicionales, pasa tiempo cantando, haciendo ritmos con el cuerpo y permitiendo que tu hijo responda a la música de manera libre y espontánea en casa para ayudarle a superar la etapa de balbuceo de forma natural.</li><li><strong>Fuente:</strong> MUSIC PLAY.pdf</li></ul>","<p><strong>Concepto:</strong> Cuándo están listos para instrucción formal en instrumentos.</p><p><strong>Duración aprox:</strong> 35 segundos.</p><ul><li><strong>[0:00 - 0:05] Gancho:</strong> Tocas teclas imaginarias en el aire.</li><li><em>Texto:</em> ¿A qué edad apuntarle a clases de piano?</li><li><em>Audio:</em> ""¿Te preguntas a qué edad debería empezar tu hijo con clases formales de piano o violín?""</li><li><strong>[0:05 - 0:15] Explicación:</strong></li><li><em>Audio:</em> ""Según la Teoría del Aprendizaje Musical, NUNCA antes de que haya superado la etapa del 'balbuceo musical'.""</li><li><strong>[0:15 - 0:25] La Solución:</strong></li><li><em>Audio:</em> ""Antes de apuntarle, asegúrate de que es capaz de duplicar el tempo y la tonalidad básica de las canciones que escucha. Si lo apuntas antes, solo aprenderá a apretar botones como un robot, sin entender la música de verdad.""</li><li><strong>[0:25 - 0:30] Cierre:</strong></li><li><em>Audio:</em> ""Primero que hable música, luego que la toque. En Musicabalú te enseñamos cómo.""</li></ul>",Pendiente,22,2026-09-28 19:23:15.888,2026-09-28 19:23:15.888
cmulmxqwb000nszpxc8lq51ji,"🎬 Píldora 24: ""Olvida la perfección"" (FAQ #15)","<ul><li><strong>Teoría MLT:</strong> ¿Se debe exigir a los niños pequeños que imiten con precisión los patrones que les cantamos?</li><li><strong>Aplicación Práctica:</strong> No, especialmente en la etapa de Aculturación (de 0 a 2 o 4 años). El objetivo es la absorción pura, no la ejecución. Canta los patrones de tres notas con sílabas legatas y neutras, haz contacto visual, sonríe y deja un espacio de silencio. Si responde con sonidos inconexos o se queda en silencio, simplemente acéptalo sin corregir ni presionar.</li><li><strong>Fuente:</strong> MUSIC PLAY.pdf</li></ul>","<p><strong>Concepto:</strong> No exigir imitación precisa.</p><p><strong>Duración aprox:</strong> 25 segundos.</p><ul><li><strong>[0:00 - 0:05] Gancho:</strong> Haces un gesto de 'stop' con la mano.</li><li><em>Texto:</em> Deja de pedirle que cante perfecto.</li><li><em>Audio:</em> ""No le exijas a tu bebé o niño pequeño que cante perfectamente las canciones que le enseñas.""</li><li><strong>[0:05 - 0:15] Explicación:</strong></li><li><em>Audio:</em> ""Entre los 0 y los 4 años, el objetivo es pura absorción. No buscamos ejecución perfecta, sino que se empapen del idioma musical.""</li><li><strong>[0:15 - 0:20] La Solución:</strong></li><li><em>Audio:</em> ""Cántale mirándole a los ojos. Si responde con chillidos o se queda en silencio, acéptalo. Esa es su forma perfecta de participar.""</li><li><strong>[0:20 - 0:25] Cierre:</strong></li><li><em>Audio:</em> ""Disfruta el proceso. La afinación ya llegará.""</li></ul>",Pendiente,23,2026-09-28 19:23:15.947,2026-09-28 19:23:15.947
cmulmxqxq000oszpxjppvt17p,"🎬 Píldora 25: ""Improvisa, no planifiques"" (FAQ #17)","<ul><li><strong>Teoría MLT:</strong> ¿Debo seguir siempre una planificación estricta de las canciones y actividades en clase? Al principio, tener un plan estructurado da seguridad. Sin embargo, a medida que el educador gana experiencia, el ideal de la MLT es una enseñanza centrada en el niño, espontánea e improvisada, donde las respuestas de canto y movimiento de los propios niños guían la sesión y dictan el siguiente paso en lugar de un plan rígido.</li><li><strong>Aplicación Práctica:</strong> En casa, no te limites a reproducir una lista de reproducción o cantar canciones de principio a fin de forma rígida. Si tu bebé balbucea un tono o hace un movimiento con su mano, detén la canción, imita su sonido o movimiento de forma juguetona, y utilízalo para empezar un diálogo musical improvisado.</li><li><strong>Fuente:</strong> MUSIC PLAY.pdf</li></ul>","<p><strong>Concepto:</strong> Enseñanza espontánea guiada por el niño.</p><p><strong>Duración aprox:</strong> 30 segundos.</p><ul><li><strong>[0:00 - 0:05] Gancho:</strong> Rompes una hoja de papel (el plan).</li><li><em>Texto:</em> Rompe el plan musical.</li><li><em>Audio:</em> ""El mejor plan para hacer música con tu hijo es... no tener plan.""</li><li><strong>[0:05 - 0:15] Explicación:</strong></li><li><em>Audio:</em> ""Poner una playlist y cantarla de principio a fin rígidamente aburre a cualquiera. La verdadera conexión surge en la improvisación.""</li><li><strong>[0:15 - 0:25] La Solución:</strong></li><li><em>Audio:</em> ""Si estás cantando y tu bebé balbucea un sonido raro o mueve una mano, párate. Imita su sonido o movimiento de forma juguetona y convierte su interrupción en el inicio de un diálogo.""</li><li><strong>[0:25 - 0:30] Cierre:</strong></li><li><em>Audio:</em> ""Sigue su liderazgo. ¡Sígueme en Musicabalú!""</li></ul>",Pendiente,24,2026-09-28 19:23:15.998,2026-09-28 19:23:15.998
cmulmxqz3000pszpxqno5bdrg,"🎬 Píldora 26: ""El niño observador"" (FAQ #18)","<ul><li><strong>Teoría MLT:</strong> ¿Qué hacer si un niño se niega a entrar en la ronda o participar en una danza estructurada? Según la MLT de Gordon, si el niño está seguro y no interrumpe el ambiente, no se le debe forzar a participar físicamente. El niño sigue aprendiendo y absorbiendo la música en un nivel profundo a través de la audición y la observación pasiva (Etapa de Aculturación).</li><li><strong>Aplicación Práctica:</strong> Si estás haciendo una actividad musical en familia y tu hijo prefiere sentarse en una esquina a mirar, déjale tranquilo. Continúa realizando los movimientos de forma expresiva y cantando con entusiasmo; su mente está registrando todo el vocabulario musical de igual manera.</li><li><strong>Fuente:</strong> MUSIC PLAY.pdf</li></ul>","<p><strong>Concepto:</strong> Si el niño no participa en la ronda, absorbe igual.</p><p><strong>Duración aprox:</strong> 30 segundos.</p><ul><li><strong>[0:00 - 0:05] Gancho:</strong> Haces un gesto de preocupación fingida.</li><li><em>Texto:</em> ¿Tu hijo no quiere bailar con vosotros?</li><li><em>Audio:</em> ""Si estáis haciendo música en familia y tu hijo decide sentarse en un rincón a mirar, ¡no le obligues a levantarse!""</li><li><strong>[0:05 - 0:15] Explicación:</strong></li><li><em>Audio:</em> ""Según la educación musical temprana, si el niño se siente seguro, está aprendiendo y absorbiendo la música a un nivel profundísimo solo con observar pasivamente.""</li><li><strong>[0:15 - 0:25] La Solución:</strong></li><li><em>Audio:</em> ""Déjale tranquilo. Sigue cantando y bailando con entusiasmo para darle un buen modelo. Su cerebro está registrando absolutamente todo.""</li><li><strong>[0:25 - 0:30] Cierre:</strong></li><li><em>Audio:</em> ""A veces, mirar es la mejor forma de participar. Únete a mi comunidad.""</li></ul>",Pendiente,25,2026-09-28 19:23:16.048,2026-09-28 19:23:16.048
cmulmxr0n000qszpx8dt0ft5m,"🎬 Píldora 27: ""Imita sus errores"" (FAQ #19)","<ul><li><strong>Teoría MLT:</strong> ¿Qué hacer si un niño imita un patrón tonal o rítmico de manera incorrecta? Según la MLT, el educador debe imitar primero el patrón incorrecto del niño para validar su respuesta y luego repetir el patrón original en el tempo/tonalidad correcta para fomentar el diálogo no verbal.</li><li><strong>Aplicación Práctica:</strong> Si tu hijo responde a un juego de sonidos cantando algo diferente, no lo corrijas diciendo 'así no'. Canta lo que él cantó con una sonrisa y luego repite tu sonido original invitándolo a contestar de nuevo.</li><li><strong>Fuente:</strong> MUSIC PLAY.pdf</li></ul>","<p><strong>Concepto:</strong> Imitar el patrón incorrecto del niño.</p><p><strong>Duración aprox:</strong> 35 segundos.</p><ul><li><strong>[0:00 - 0:05] Gancho:</strong> Te tapas los oídos bromeando.</li><li><em>Texto:</em> ¿Desafina? ¡Cópiale!</li><li><em>Audio:</em> ""Si tu hijo canta algo totalmente desafinado... ¡cópiaselo!""</li><li><strong>[0:05 - 0:15] Explicación:</strong></li><li><em>Audio:</em> ""Sé que suena raro, pero si le dices 'así no se hace', cortas su creatividad. En cambio, si le imitas, validas su esfuerzo.""</li><li><strong>[0:15 - 0:25] La Solución:</strong></li><li><em>Audio:</em> ""Canta lo que él cantó pero con una sonrisa enorme. Luego, repite tú el sonido original correcto y anímale a intentarlo de nuevo. Lo verá como un juego de eco divertidísimo.""</li><li><strong>[0:25 - 0:30] Cierre:</strong></li><li><em>Audio:</em> ""Educar sin corregir bloqueos. ¡Pruébalo esta misma tarde!""</li></ul>",Pendiente,26,2026-09-28 19:23:16.103,2026-09-28 19:23:16.103
cmulmxr22000rszpxxm1y3afs,"🎬 Píldora 28: ""Pon voz de cabeza"" (FAQ #21)","<ul><li><strong>Teoría MLT:</strong> ¿Cómo deben cantar los adultos cuando modelan canciones para niños pequeños? Según Gordon, para lograr una calidad de canto óptima en la tesitura infantil inicial (Re por encima del Do central hasta el La agudo), las mujeres deben modelar usando su voz de cabeza y los hombres deben cantar en falsete o una octava por debajo de su registro habitual.</li><li><strong>Aplicación Práctica:</strong> Cuando le cantes a tu hijo pequeño, usa una voz ligera, suave y aguda (evitando una voz pesada o de pecho), parecida a la entonación cariñosa que se usa de forma natural para hablar con un bebé.</li><li><strong>Fuente:</strong> MUSIC PLAY.pdf</li></ul>","<p><strong>Concepto:</strong> Cómo cantar a los niños (usar voz ligera/de cabeza).</p><p><strong>Duración aprox:</strong> 30 segundos.</p><ul><li><strong>[0:00 - 0:05] Gancho:</strong> Cantas con voz de ópera muy grave y luego ríes.</li><li><em>Texto:</em> No le cantes así a tu hijo.</li><li><em>Audio:</em> ""¿Sabes por qué es más fácil que tu hijo afine cuando le habla mamá que cuando le habla papá?""</li><li><strong>[0:05 - 0:15] Explicación:</strong></li><li><em>Audio:</em> ""El rango auditivo de los bebés está preparado para tonos más agudos. Una voz de pecho profunda y grave es muy difícil de imitar para sus pequeñas cuerdas vocales.""</li><li><strong>[0:15 - 0:25] La Solución:</strong></li><li><em>Audio:</em> ""Cuando le cantes a tu peque, usa una voz ligera, suave y aguda. Esa entonación cariñosa (voz de cabeza) le facilitará muchísimo aprender a afinar.""</li><li><strong>[0:25 - 0:30] Cierre:</strong></li><li><em>Audio:</em> ""Agudos para aprender mejor. Suscríbete para más secretos musicales.""</li></ul>",Pendiente,27,2026-09-28 19:23:16.155,2026-09-28 19:23:16.155
cmulmxr3h000sszpx2gxumlvb,"🎬 Píldora 29: ""Sal de la rutina comercial"" (FAQ #22)","<ul><li><strong>Teoría MLT:</strong> ¿Es perjudicial exponer a los niños solo a canciones infantiles comerciales tradicionales? Según Gordon, limitar el entorno a melodías simples en modo Mayor y métricas binarias restringe el desarrollo de su potencial de audición.</li><li><strong>Aplicación Práctica:</strong> Expón a tu hijo a una rica variedad musical de forma informal. Cántale o ponle música en modos inusuales (como el modo Dórico, Frigio o Lidio) y metros asimétricos o inusuales (de 5 u 7 tiempos) para ampliar su vocabulario auditivo.</li><li><strong>Fuente:</strong> MUSIC PLAY.pdf</li></ul>",,Pendiente,28,2026-09-28 19:23:16.205,2026-09-28 19:23:16.205
cmulmxr4t000tszpxsz32dhqu,"🎬 Píldora 30: ""Esconder la música"" (Mito #2)","<ul><li><strong>Teoría MLT:</strong> Existe la creencia de que el aprendizaje musical ocurre únicamente cuando se emite sonido de forma externa. Sin embargo, 'esconder la música' (silenciar el canto y mantener solo el movimiento) obliga al cerebro a utilizar la audiation interna.</li><li><strong>Aplicación Práctica:</strong> Canta una canción conocida y de repente dejen de cantar en voz alta en algunas secciones (manteniendo el movimiento corporal continuo); luego, retomen el canto para descubrir si han mantenido el pulso internamente.</li><li><strong>Fuente:</strong> Jugando con la música. Bebés.pdf</li></ul>","<p><strong>Concepto:</strong> Aprendizaje cuando no se emite sonido externo (Audiación interna).</p><p><strong>Duración aprox:</strong> 30 segundos.</p><ul><li><strong>[0:00 - 0:05] Gancho:</strong> Te tapas la boca de repente.</li><li><em>Texto:</em> Juega a esconder la canción.</li><li><em>Audio:</em> ""El aprendizaje musical más profundo ocurre justo cuando te callas. Vamos a jugar a 'esconder' la música.""</li><li><strong>[0:05 - 0:15] Explicación:</strong></li><li><em>Audio:</em> ""Si mantenemos el sonido externo sonando sin parar, el cerebro del niño no necesita hacer ningún esfuerzo para imaginarlo.""</li><li><strong>[0:15 - 0:25] La Solución:</strong></li><li><em>Audio:</em> ""Canta una canción que conozcáis muy bien. De repente, dejad de cantar en voz alta, pero seguid moviendo el cuerpo al ritmo durante unos segundos. Luego volved a cantar. ¿Seguís estando en el mismo punto?""</li><li><strong>[0:25 - 0:30] Cierre:</strong></li><li><em>Audio:</em> ""Estaréis activando su audición interna. ¡Pruébalo!""</li></ul>",Pendiente,29,2026-09-28 19:23:16.253,2026-09-28 19:23:16.253
cmulmxr67000uszpxxkijhf7r,"🎬 Píldora 31: ""¿El talento se hereda?"" (Mito #3)","<ul><li><strong>Teoría MLT:</strong> Mito: El talento musical es algo con lo que se nace o no, y no se puede cambiar. Realidad: Aunque nacemos con un potencial de aprendizaje musical innato (aptitud musical) distribuido normalmente en la población, este potencial fluctúa y es altamente maleable durante los primeros años de vida. Es fuertemente influenciado por la riqueza del entorno musical del niño desde el nacimiento hasta los 9 años, edad en la que se estabiliza.</li><li><strong>Aplicación Práctica:</strong> Crea un entorno musical rico en tu hogar. No te limites a la música infantil simple o comercial; pon música clásica, jazz, folclore y de diferentes culturas. Cuanta más variedad escuche tu hijo en sus primeros años, mayor será su capacidad de comprensión musical en el futuro.</li><li><strong>Fuente:</strong> MUSIC PLAY.pdf</li></ul>","<p><strong>Concepto:</strong> La aptitud musical es innata pero maleable.</p><p><strong>Duración aprox:</strong> 30 segundos.</p><ul><li><strong>[0:00 - 0:05] Gancho:</strong> Cruzas los dedos como esperando suerte.</li><li><em>Texto:</em> El talento musical NO es (solo) genético.</li><li><em>Audio:</em> ""'Es que nosotros en la familia no tenemos oído, el niño tampoco cantará bien'. ¡Eso es un mito enorme!""</li><li><strong>[0:05 - 0:15] Explicación:</strong></li><li><em>Audio:</em> ""Es cierto que nacemos con un potencial musical innato, pero ese potencial es extremadamente moldeable desde que nacemos hasta los 9 años.""</li><li><strong>[0:15 - 0:25] La Solución:</strong></li><li><em>Audio:</em> ""Si creas un entorno musical súper rico en casa, con variedad de estilos, cantando y bailando desde el primer día, su aptitud musical se disparará, independientemente de tu genética.""</li><li><strong>[0:25 - 0:30] Cierre:</strong></li><li><em>Audio:</em> ""Tú puedes crear su talento. Únete a Musicabalú y te guío.""</li></ul>",Pendiente,30,2026-09-28 19:23:16.304,2026-09-28 19:23:16.304
cmulmxr7m000vszpx62zk7rln,"🎬 Píldora 32: ""No le obligues a dar palmas"" (Mito #5)","<ul><li><strong>Teoría MLT:</strong> Es un error exigir o esperar que los niños pequeños toquen instrumentos marcando el pulso de forma exacta. El desarrollo del tempo interno se da por asimilación subconsciente a través del movimiento libre, no por instrucción directa de marcar el pulso rítmico.</li><li><strong>Aplicación Práctica:</strong> Cuando le des un sonajero, maraca o tambor a tu hijo, no le pidas que toque 'al ritmo de la música'. Simplemente toca tú el pulso de forma constante sobre tus piernas o dale palmaditas muy suaves en su espalda al ritmo de la música mientras él explora su instrumento libremente.</li><li><strong>Fuente:</strong> MUSIC PLAY.pdf</li></ul>","<p><strong>Concepto:</strong> No instruir a marcar el pulso directamente con instrumentos.</p><p><strong>Duración aprox:</strong> 30 segundos.</p><ul><li><strong>[0:00 - 0:05] Gancho:</strong> Das palmadas rígidas sobre las piernas.</li><li><em>Texto:</em> Cuidado al darle instrumentos a tu hijo.</li><li><em>Audio:</em> ""Cuando le das un tambor o un sonajero a tu hijo, ¿le pides que toque al ritmo de la canción?""</li><li><strong>[0:05 - 0:15] Explicación:</strong></li><li><em>Audio:</em> ""¡Gran error! El tempo no se aprende obligando al niño a imitar un golpe seco. Se aprende asimilando el movimiento del cuerpo en el espacio.""</li><li><strong>[0:15 - 0:25] La Solución:</strong></li><li><em>Audio:</em> ""Deja que explore el instrumento como quiera de forma libre. Mientras, tú tócale el pulso dándole palmaditas muy suaves y constantes en su espalda. Dejarás que lo asimile subconscientemente.""</li><li><strong>[0:25 - 0:30] Cierre:</strong></li><li><em>Audio:</em> ""El pulso se siente, no se fuerza. ¡Sígueme para más!""</li></ul>",Pendiente,31,2026-09-28 19:23:16.354,2026-09-28 19:23:16.354
cmulmxr93000wszpx1017i3x9,"🎬 Píldora 33: ""Quítale la letra"" (Mito vs Realidad #2)","<ul><li><strong>Teoría MLT:</strong> Existe la idea errónea de que las canciones infantiles para educar musicalmente deben tener letras descriptivas para mantener la atención. La MLT de Gordon sostiene que la mayor parte del material musical para la educación temprana debe ser sin texto (cantado con sílabas neutras y voz natural a capella) para que el niño pueda enfocarse puramente en la sintaxis musical (tonal y rítmica) sin la distracción del lenguaje verbal.</li><li><strong>Aplicación Práctica:</strong> Cuando cantes a tu hijo en casa, quítale la letra a las canciones que ya conoces y utiliza una sílaba cómoda y repetitiva (como 'pam', 'la' o 'ba'). Cántale de forma natural, sin música grabada de fondo, permitiendo que existan silencios y momentos para respirar.</li><li><strong>Fuente:</strong> PARTE TEÓRICA 04092016 VERSIÓ KEYNOTE.pdf</li></ul>","<p><strong>Concepto:</strong> Usar sílabas neutras evita distracciones.</p><p><strong>Duración aprox:</strong> 30 segundos.</p><ul><li><strong>[0:00 - 0:05] Gancho:</strong> Gesto de ""borrar"" algo con la mano.</li><li><em>Texto:</em> Por qué deberías borrar las letras de las canciones.</li><li><em>Audio:</em> ""¿Sabías que las letras de las canciones infantiles pueden estar frenando el aprendizaje musical de tu hijo?""</li><li><strong>[0:05 - 0:15] Explicación:</strong></li><li><em>Audio:</em> ""Las palabras distraen el cerebro de los bebés, que intenta procesar el lenguaje en lugar de enfocarse en las melodías puras.""</li><li><strong>[0:15 - 0:25] La Solución:</strong></li><li><em>Audio:</em> ""En casa, canta las canciones que ya sabéis pero quitándoles la letra por completo. Canta usando 'pam, pam, pam' o 'ba, ba'. Verás que asimilan la afinación el doble de rápido.""</li><li><strong>[0:25 - 0:30] Cierre:</strong></li><li><em>Audio:</em> ""Menos palabras, más música pura. ¡Pruébalo y me cuentas!""</li></ul>",Pendiente,32,2026-09-28 19:23:16.407,2026-09-28 19:23:16.407
cmulmxrah000xszpxu4pnbdc3,"🎬 Píldora 34: ""El aprendizaje en espiral"" (Mito vs Realidad #7)","<ul><li><strong>Teoría MLT:</strong> Las clases de música en la primera infancia no consisten en un adiestramiento formal, estructurado o lineal donde se exijan resultados concretos. El aprendizaje se da en espiral: un volver una y otra vez sobre los mismos aspectos rítmicos y tonales, combinando propuestas simples y complejas para que cada niño absorba a su propio ritmo madurativo.</li><li><strong>Aplicación Práctica:</strong> No corrijas a tu hijo ni le exijas que repita de forma exacta tus canciones o movimientos. En casa, canta libremente melodías sencillas sin letra y permite que él responda de forma espontánea con sus propios balbuceos, imitando tú sus respuestas 'incorrectas' para que note el desajuste de forma natural.</li><li><strong>Fuente:</strong> Jugando con la música. Bebés.pdf</li></ul>","<p><strong>Concepto:</strong> El aprendizaje no es lineal, es en espiral.</p><p><strong>Duración aprox:</strong> 25 segundos.</p><ul><li><strong>[0:00 - 0:05] Gancho:</strong> Dibujas un círculo en el aire y luego avanzas.</li><li><em>Texto:</em> El progreso musical no es una línea recta.</li><li><em>Audio:</em> ""Si intentas enseñar música a un bebé de forma lineal, donde hoy toca la lección 1 y mañana la 2, vas a fracasar.""</li><li><strong>[0:05 - 0:15] Explicación:</strong></li><li><em>Audio:</em> ""El aprendizaje musical temprano es en espiral. Volvemos una y otra vez sobre los mismos ritmos y melodías para que maduren.""</li><li><strong>[0:15 - 0:20] La Solución:</strong></li><li><em>Audio:</em> ""No te agobies ni corrijas. Canta, juega, y permítele responder como le apetezca. Su cerebro lo organizará todo a su debido tiempo.""</li><li><strong>[0:20 - 0:25] Cierre:</strong></li><li><em>Audio:</em> ""Paciencia y espirales en Musicabalú.""</li></ul>",Pendiente,33,2026-09-28 19:23:16.457,2026-09-28 19:23:16.457
cmulmxrbx000yszpx34v7w12y,"🎬 Píldora 35: ""Las regresiones son normales"" (Tip #23)","<ul><li><strong>Teoría MLT:</strong> La aptitud musical evolutiva de los niños fluctúa de manera natural. Si un niño que ya mostraba respuestas avanzadas (como coordinar respiración y canto) de repente realiza intentos descoordinados o regresivos, el educador no debe descender el nivel de la guía o de los patrones.</li><li><strong>Aplicación Práctica:</strong> Si notas que tu hijo un día parece haber 'olvidado' cómo imitar un patrón que ya dominaba, no te preocupes ni retrocedas a juegos más sencillos. Mantén el nivel de juego habitual de forma paciente; las regresiones temporales son normales en su desarrollo cognitivo.</li><li><strong>Fuente:</strong> MUSIC PLAY.pdf</li></ul>","<p><strong>Concepto:</strong> La aptitud musical evolutiva fluctúa.</p><p><strong>Duración aprox:</strong> 30 segundos.</p><ul><li><strong>[0:00 - 0:05] Gancho:</strong> Cara de sorpresa y duda.</li><li><em>Texto:</em> ¿Mi hijo ha ""desaprendido"" música?</li><li><em>Audio:</em> ""Ayer tu hijo cantaba y seguía tus juegos fenomenal, y hoy de repente parece que lo ha olvidado todo. ¿Qué ha pasado?""</li><li><strong>[0:05 - 0:15] Explicación:</strong></li><li><em>Audio:</em> ""No te preocupes. La aptitud musical de los niños pequeños fluctúa de forma natural. Las regresiones temporales son súper normales durante su desarrollo cognitivo.""</li><li><strong>[0:15 - 0:25] La Solución:</strong></li><li><em>Audio:</em> ""Si hoy no da pie con bola, no bajes el nivel de los juegos ni te frustres. Mantén tu actitud cariñosa y ofrécele el mismo modelo musical de siempre.""</li><li><strong>[0:25 - 0:30] Cierre:</strong></li><li><em>Audio:</em> ""Las pausas son coger impulso para avanzar. ¡Únete a nuestra plataforma digital!""</li></ul>",Pendiente,34,2026-09-28 19:23:16.509,2026-09-28 19:23:16.509
cmulmxrdb000zszpxcygdbkkf,"🎬 Píldora 36: ""Anticipa la música en silencio"" (Tip #1)","<ul><li><strong>Teoría MLT:</strong> La 'Audiation' es la capacidad de otorgar significado a la música mentalmente, sintetizando y generalizando los patrones que se acaban de escuchar para anticipar y predecir lo que se va a escuchar.</li><li><strong>Aplicación Práctica:</strong> Cuando le cantes a tu bebé (preferiblemente sin letra, usando una sílaba como 'pam'), detente repentinamente justo antes de la última nota (la nota de reposo). Esto estimula al cerebro del bebé a predecir y completar la melodía en su mente.</li><li><strong>Fuente:</strong> PARTE TEÓRICA 04092016 VERSIÓ KEYNOTE.pdf</li></ul>","<ul><li><strong>[0:00-0:05] Gancho (Visual):</strong> Cara de intriga. <em>Texto:</em> Juega a predecir la música. <em>Audio:</em> ""Adivinar la nota que falta es gimnasia para el cerebro de tu bebé.""</li><li><strong>[0:05-0:15] Explicación:</strong> ""La 'Audiación' es entender la música mentalmente. Cuando el sonido físico desaparece, el cerebro trabaja.""</li><li><strong>[0:15-0:25] La Solución:</strong> ""Cántale sin letra ('pam, pam'). Antes de la última nota de reposo, para en seco. Deja que él la prediga y la cante en su mente.""</li><li><strong>[0:25-0:30] Cierre:</strong> ""El silencio es clave. Síguenos para más consejos.""</li></ul>",Pendiente,35,2026-09-28 19:23:16.56,2026-09-28 19:23:16.56
cmulmxreo0010szpx373bgl0k,"🎬 Píldora 37: ""Respeta su reloj interno"" (Tip #2)","<ul><li><strong>Teoría MLT:</strong> El desarrollo de un pulso estable en los niños es un largo proceso madurativo. Para tener éxito, se debe respetar su ritmo interno innato, animarles a crear movimientos fluidos continuos con conciencia corporal (especialmente en las caderas) y crear contrastes de tempo (lento, rápido, accelerando, ritardando) en lugar de exigir una sincronización rígida e inmediata.</li><li><strong>Aplicación Práctica:</strong> En casa, evita forzar al niño a dar palmas rígidamente sobre el pulso de una canción. En su lugar, baila libremente con él fomentando movimientos de balanceo de caderas, imitando de forma divertida velocidades extremas (ir muy lentos como tortugas y de repente muy rápidos) sin juzgar si va exactamente 'a tiempo'.</li><li><strong>Fuente:</strong> PARTE TEÓRICA 04092016 VERSIÓ KEYNOTE.pdf</li></ul>","<ul><li><strong>[0:00-0:05] Gancho (Visual):</strong> Das palmas fuera de ritmo. <em>Texto:</em> Por qué no sigue tu ritmo. <em>Audio:</em> ""Tu hijo no da palmas a tiempo porque tiene su propio reloj.""</li><li><strong>[0:05-0:15] Explicación:</strong> ""El pulso estable es un proceso madurativo largo. Exigir sincronización rígida ahora mismo solo le frustrará.""</li><li><strong>[0:15-0:25] La Solución:</strong> ""Baila libremente con él, balanceando caderas y cambiando velocidades (muy lento, muy rápido) sin juzgar su ritmo.""</li><li><strong>[0:25-0:30] Cierre:</strong> ""El ritmo se siente, no se impone. ¡Pruébalo hoy!""</li></ul>",Pendiente,36,2026-09-28 19:23:16.609,2026-09-28 19:23:16.609
cmulmxrg00011szpxmuykhelx,"🎬 Píldora 38: ""El juego del espejo sonoro"" (Tip #3)","<ul><li><strong>Teoría MLT:</strong> Durante la etapa de Imitación de patrones, es fundamental imitar de forma inmediata la respuesta sonora que dé el niño. Al principio imitará sin precisión, pero este diálogo de 'espejo' le ayudará a percatarse de la diferencia con el modelo.</li><li><strong>Aplicación Práctica:</strong> Juega a las respuestas musicales: cuando tu hijo emita un balbuceo rítmico o un sonido cantado improvisado, repíteselo tú exactamente igual inmediatamente después de que termine, manteniendo el contacto visual.</li><li><strong>Fuente:</strong> PARTE TEÓRICA 04092016 VERSIÓ KEYNOTE.pdf</li></ul>","<ul><li><strong>[0:00-0:05] Gancho (Visual):</strong> Imitas un balbuceo gracioso. <em>Texto:</em> Sé su espejo musical. <em>Audio:</em> ""Este juego multiplica su aprendizaje por diez.""</li><li><strong>[0:05-0:15] Explicación:</strong> ""En la etapa de imitación, los bebés se dan cuenta de las diferencias si ven un espejo de lo que acaban de hacer.""</li><li><strong>[0:15-0:25] La Solución:</strong> ""Si hace un balbuceo rítmico o un sonido cantado, repíteselo EXACTAMENTE igual y mírale a los ojos. Verás cómo reacciona.""</li><li><strong>[0:25-0:30] Cierre:</strong> ""Tú eres su espejo. Guárdate este tip.""</li></ul>",Pendiente,37,2026-09-28 19:23:16.657,2026-09-28 19:23:16.657
cmulmxrhc0012szpxf2lo67s6,"🎬 Píldora 39: ""Menos palabras, más música"" (Tip #4)","<ul><li><strong>Teoría MLT:</strong> Las actividades eficaces para guiar el aprendizaje musical deben ser sencillas, realizarse preferentemente sin objetos (solo cuerpo y voz), no dirigir con reglas complejas, evitar explicaciones verbales y favorecer el juego y el movimiento corporal.</li><li><strong>Aplicación Práctica:</strong> Evita dar instrucciones habladas como 'escucha este ritmo' o 'ahora repite'. Limítate a cantar sin letra y a moverte de forma fluida por la habitación; el niño se unirá de forma intuitiva a través del juego y de la imitación orgánica.</li><li><strong>Fuente:</strong> PARTE TEÓRICA 04092016 VERSIÓ KEYNOTE.pdf</li></ul>","<ul><li><strong>[0:00-0:05] Gancho (Visual):</strong> Haces gesto de hablar mucho (bla bla bla). <em>Texto:</em> Hablas demasiado. <em>Audio:</em> ""Si tienes que explicarle a tu hijo cómo jugar con música, lo estás haciendo mal.""</li><li><strong>[0:05-0:15] Explicación:</strong> ""Las instrucciones verbales bloquean el cerebro musical. 'Escucha este ritmo' o 'repite esto' no funciona.""</li><li><strong>[0:15-0:25] La Solución:</strong> ""Cállate, empieza a cantar sin letra y muévete por la habitación. Se unirá intuitivamente por puro juego.""</li><li><strong>[0:25-0:30] Cierre:</strong> ""La música es el único lenguaje que necesitáis. ¡Pruébalo!""</li></ul>",Pendiente,38,2026-09-28 19:23:16.704,2026-09-28 19:23:16.704
cmulmxrin0013szpxkd0udamu,"🎬 Píldora 40: ""Instrucciones cantadas"" (Tip #5)","<ul><li><strong>Teoría MLT:</strong> Hay que evitar hablar durante la sesión. Las instrucciones necesarias deben ser muy breves y se deben dar entonándolas sobre la nota de reposo, la quinta, o recitándolas de forma rítmica respetando la métrica activa.</li><li><strong>Aplicación Práctica:</strong> En casa, en lugar de dar explicaciones habladas o instrucciones largas antes de una canción, guía a tu hijo de forma cantada o rítmica usando sonidos sencillos para mantener la atmósfera musical constante.</li><li><strong>Fuente:</strong> PARTE TEÓRICA 04092016 VERSIÓ KEYNOTE.pdf</li></ul>","<ul><li><strong>[0:00-0:05] Gancho (Visual):</strong> Pides a alguien que recoja algo, pero cantando. <em>Texto:</em> Canta lo que quieres decir. <em>Audio:</em> ""¿Quieres que tu peque recoja los juguetes y no te hace caso?""</li><li><strong>[0:05-0:15] Explicación:</strong> ""Gordon dice que romper la atmósfera musical con palabras normales distrae muchísimo.""</li><li><strong>[0:15-0:25] La Solución:</strong> ""Da tus instrucciones recitándolas rítmicamente o entonándolas (A... re... co... ger...). Respetas el juego y es mucho más efectivo.""</li><li><strong>[0:25-0:30] Cierre:</strong> ""Transforma la rutina en música. Sígueme en Musicabalú.""</li></ul>",Pendiente,39,2026-09-28 19:23:16.752,2026-09-28 19:23:16.752
cmulmxrk00014szpxs4wx5taz,"🎬 Píldora 41: ""Fuera expectativas"" (Tip #6)","<ul><li><strong>Teoría MLT:</strong> ¡Peligro con las expectativas de los padres! Intentar medir el progreso musical de los niños pequeños basándose en resultados inmediatos o de rendimiento técnico interrumpe el desarrollo lúdico y natural de la audición interna.</li><li><strong>Aplicación Práctica:</strong> En casa, enfócate en el juego y el disfrute compartido. Canta canciones cortas sin letra (usando sílabas como 'pam') y balancéate con tu hijo buscando la conexión y el disfrute, no la perfección.</li><li><strong>Fuente:</strong> PARTE TEÓRICA 04092016 VERSIÓ KEYNOTE.pdf</li></ul>","<ul><li><strong>[0:00-0:05] Gancho (Visual):</strong> Miras un papel suspirando. <em>Texto:</em> Tu hijo no es un robot. <em>Audio:</em> ""Intentar medir cuánto ha aprendido musicalmente tu peque hoy es un error.""</li><li><strong>[0:05-0:15] Explicación:</strong> ""Medir el progreso basándose en resultados técnicos mata el disfrute y su audición interna.""</li><li><strong>[0:15-0:25] La Solución:</strong> ""Céntrate en el juego. Canta canciones cortas con 'pam', balancéate con él y busca la conexión pura.""</li><li><strong>[0:25-0:30] Cierre:</strong> ""El rendimiento ya llegará. Disfruta el proceso.""</li></ul>",Pendiente,40,2026-09-28 19:23:16.8,2026-09-28 19:23:16.8
cmulmxrlc0015szpxm7huzc28,"🎬 Píldora 42: ""Respirar no es solo aire"" (Tip #7)","<ul><li><strong>Teoría MLT:</strong> La respiración prepara la audiation. En la MLT de Edwin Gordon, la respiración antes de cantar o recitar un patrón rítmico no es solo un acto mecánico, sino que modela la preparación interna, el tempo, la afinación y el movimiento que van a suceder.</li><li><strong>Aplicación Práctica:</strong> Antes de emitir cualquier sonido, cantar o hacer un gesto rítmico para tu bebé, realiza una inspiración profunda, visible y relajada. Esto captará su atención visual y auditiva, y le enseñará de manera intuitiva el espacio de preparación que requiere la música.</li><li><strong>Fuente:</strong> PARTE TEÓRICA 04092016 VERSIÓ KEYNOTE.pdf</li></ul>","<ul><li><strong>[0:00-0:05] Gancho (Visual):</strong> Respiras hondo con cara de sorpresa. <em>Texto:</em> Respirar antes de cantar. <em>Audio:</em> ""En música, respirar es mucho más que coger aire.""</li><li><strong>[0:05-0:15] Explicación:</strong> ""La respiración previa modela internamente el tempo, la afinación y el movimiento que va a venir.""</li><li><strong>[0:15-0:25] La Solución:</strong> ""Antes de hacer un gesto rítmico, inspira de forma exagerada, relajada y visible. Tu hijo anticipará físicamente la música.""</li><li><strong>[0:25-0:30] Cierre:</strong> ""Prepara su cerebro con aire. ¡Sígueme!""</li></ul>",Pendiente,41,2026-09-28 19:23:16.848,2026-09-28 19:23:16.848
cmulmxrmn0016szpxpz48o9bg,"🎬 Píldora 43: ""Pantallas vs Oído"" (Tip #8)","<ul><li><strong>Teoría MLT:</strong> El cerebro de 0 a 2 años funciona principalmente en frecuencias delta y es altamente plástico. Si el bebé no recibe un vocabulario de sonidos durante sus primeros meses, las células de la corteza cerebral destinadas a la audición se redirigen a otros sentidos (como el visual), limitando su potencial auditivo musical de por vida.</li><li><strong>Aplicación Práctica:</strong> Evita el uso de pantallas y juguetes electrónicos con luces llamativas que sobreestimulan la visión en detrimento del oído. Prioriza momentos de tranquilidad sonora, cantos sencillos cara a cara y el sonido de tu propia voz en directo.</li><li><strong>Fuente:</strong> Jugando con la música. Bebés.pdf</li></ul>","<ul><li><strong>[0:00-0:05] Gancho (Visual):</strong> Tapas la cámara del móvil. <em>Texto:</em> Apaga los juguetes con luces. <em>Audio:</em> ""Los juguetes con luces brillantes podrían estar apagando su talento musical.""</li><li><strong>[0:05-0:15] Explicación:</strong> ""Si sobreestimulas su visión en los primeros meses, las células de la corteza cerebral se dedican a lo visual en detrimento del oído.""</li><li><strong>[0:15-0:25] La Solución:</strong> ""Prioriza la tranquilidad sonora. Canta cara a cara y usa el sonido puro de tu voz sin pantallas.""</li><li><strong>[0:25-0:30] Cierre:</strong> ""Tu voz es su mejor juguete. Apaga la tele.""</li></ul>",Pendiente,42,2026-09-28 19:23:16.895,2026-09-28 19:23:16.895
cmulmxrny0017szpxoysluygv,"🎬 Píldora 44: ""El ritmo nace en el cuerpo"" (Tip #9)","<ul><li><strong>Teoría MLT:</strong> No es posible desarrollar una audición rítmica sin la experiencia previa del cuerpo. A través de la interacción de los cuatro elementos de Rudolf Laban (tempo, peso, espacio y fluidez), el niño aprende a coordinar su respiración e impulsos internos con la música de su cultura.</li><li><strong>Aplicación Práctica:</strong> Acompaña la música en casa con balanceos y bailes fluidos. Evita exigirle al niño que se quede quieto y rígido mientras escucha o hace música.</li><li><strong>Fuente:</strong> Jugando con la música. Bebés.pdf</li></ul>","<ul><li><strong>[0:00-0:05] Gancho (Visual):</strong> Te quedas totalmente congelado. <em>Texto:</em> No se puede aprender ritmo quieto. <em>Audio:</em> ""Imposible tener buen oído si obligas a tu hijo a estar quieto.""</li><li><strong>[0:05-0:15] Explicación:</strong> ""El ritmo se asimila coordinando el impulso interno con el movimiento del cuerpo (peso, espacio y fluidez).""</li><li><strong>[0:15-0:25] La Solución:</strong> ""Acompaña la música con balanceos fluidos. Permite que explore la habitación bailando sin rigideces.""</li><li><strong>[0:25-0:30] Cierre:</strong> ""Moverse es aprender. Suscríbete para más secretos.""</li></ul>",Pendiente,43,2026-09-28 19:23:16.943,2026-09-28 19:23:16.943
cmulmxrpb0018szpxdx0bsf7o,"🎬 Píldora 45: ""Balanceo y lectura"" (Tip #10)","<ul><li><strong>Teoría MLT:</strong> El movimiento balanceado de lado a lado estimula directamente el sistema vestibular del lactante. Este sistema está profundamente vinculado con el movimiento visual (como el seguimiento cerca-lejos y la convergencia de ambos ojos), el equilibrio y la postura correcta al sentarse, factores determinantes para el futuro aprendizaje de la lectura y la escritura.</li><li><strong>Aplicación Práctica:</strong> Sostén al bebé en tu regazo en contacto directo con tu pecho y balancéalo de forma continua mientras le cantas, permitiendo que sienta la vibración de tu voz y el movimiento de tu propia respiración.</li><li><strong>Fuente:</strong> Jugando con la música. Bebés.pdf</li></ul>","<ul><li><strong>[0:00-0:05] Gancho (Visual):</strong> Te balanceas suavemente con un cojín. <em>Texto:</em> El balanceo le ayudará a leer. <em>Audio:</em> ""¿Sabías que balancear a tu bebé le ayudará a aprender a leer en el futuro?""</li><li><strong>[0:05-0:15] Explicación:</strong> ""El balanceo lateral estimula el sistema vestibular, vinculado al equilibrio y al movimiento de los ojos.""</li><li><strong>[0:15-0:25] La Solución:</strong> ""Sostén a tu bebé en tu pecho, balancéalo de lado a lado y cántale. Ese movimiento y la vibración preparan su cerebro de forma increíble.""</li><li><strong>[0:25-0:30] Cierre:</strong> ""Música y desarrollo unidos. ¡Guarda este vídeo!""</li></ul>",Pendiente,44,2026-09-28 19:23:16.991,2026-09-28 19:23:16.991
cmulmxrqm0019szpx7b2dy7uq,"🎬 Píldora 46: ""La magia de la sílaba neutra"" (Tip #11)","<ul><li><strong>Teoría MLT:</strong> El uso de la sílaba neutra y la ausencia de letra en las canciones son herramientas clave en la fase de aculturación. Al eliminar la carga lingüística de las palabras, se evita que el cerebro del niño desvíe su atención hacia el significado del texto, permitiéndole centrarse plenamente en la sintaxis tonal y rítmica del estímulo musical.</li><li><strong>Aplicación Práctica:</strong> Canta melodías cotidianas o invéntate pequeñas estructuras musicales utilizando únicamente sílabas repetitivas como 'pam', 'la' o 'ba'. Esto facilitará que tu hijo absorba la afinación y el ritmo de manera directa, sin la distracción de procesar el lenguaje hablado.</li><li><strong>Fuente:</strong> Jugando con la música. Bebés.pdf</li></ul>","<ul><li><strong>[0:00-0:05] Gancho (Visual):</strong> Gesto de cerrar la boca con cremallera. <em>Texto:</em> Canta sin decir ni pío. <em>Audio:</em> ""A partir de hoy vas a cantar canciones sin pronunciar una sola palabra.""</li><li><strong>[0:05-0:15] Explicación:</strong> ""El lenguaje distrae al cerebro del niño. Si usas palabras, se pierde la sintaxis rítmica y tonal de la música.""</li><li><strong>[0:15-0:25] La Solución:</strong> ""Canta con sílabas neutras como 'pam-pam' o 'la-la'. Absorberá la afinación súper rápido.""</li><li><strong>[0:25-0:30] Cierre:</strong> ""Quita la letra y potencia su oído. ¡Pruébalo!""</li></ul>",Pendiente,45,2026-09-28 19:23:17.038,2026-09-28 19:23:17.038
cmulmxrs5001aszpxh64knwtc,"🎬 Píldora 47: ""Hablar distrae la música"" (Tip #12)","<ul><li><strong>Teoría MLT:</strong> La MLT defiende la creación de un espacio puramente no verbal durante la instrucción musical. El habla distrae de la música y activa áreas cerebrales distintas, interfiriendo en el proceso de audiation del niño.</li><li><strong>Aplicación Práctica:</strong> Evita dar explicaciones verbales o instrucciones del tipo 'ahora vamos a cantar' o 'haz esto'. Comunícate con tu hijo en casa usando únicamente la mirada, la sonrisa, el canto y el movimiento fluido corporal. Deja que la música sea el único lenguaje en ese momento.</li><li><strong>Fuente:</strong> Jugando con la música. Bebés.pdf</li></ul>","<ul><li><strong>[0:00-0:05] Gancho (Visual):</strong> Te tapas las orejas. <em>Texto:</em> Deja de explicar la clase. <em>Audio:</em> ""Deja de darle indicaciones a tu hijo cuando hacéis música.""</li><li><strong>[0:05-0:15] Explicación:</strong> ""El habla activa áreas del cerebro distintas e interfiere con la 'Audiación'. El espacio musical debe ser no verbal.""</li><li><strong>[0:15-0:25] La Solución:</strong> ""Comunícate solo con la mirada, sonriendo, cantando y fluyendo con el cuerpo. Que la música mande.""</li><li><strong>[0:25-0:30] Cierre:</strong> ""Menos charlas, más música. ¡Sígueme!""</li></ul>",Pendiente,46,2026-09-28 19:23:17.094,2026-09-28 19:23:17.094
cmulmxrtt001bszpxs8xkrf56,"🎬 Píldora 48: ""El flujo continuo de las caderas"" (Tip #13)","<ul><li><strong>Teoría MLT:</strong> El movimiento fluido continuo y libre es el cimiento indispensable sobre el cual se asienta el desarrollo de la precisión del ritmo (macropulso y micropulso) en la audiation.</li><li><strong>Aplicación Práctica:</strong> Cuando cantes o juegues con música en casa, realiza balanceos continuos y movimientos circulares amplios con el torso o los brazos de manera ininterrumpida, evitando la marcha o golpes rígidos.</li><li><strong>Fuente:</strong> Jugando con la música. Bebés.pdf</li></ul>","<ul><li><strong>[0:00-0:05] Gancho (Visual):</strong> Haces círculos suaves con los brazos. <em>Texto:</em> El secreto está en las caderas. <em>Audio:</em> ""El cimiento para tener buen ritmo está en fluir.""</li><li><strong>[0:05-0:15] Explicación:</strong> ""Los movimientos robóticos o golpes secos no sirven. Hay que trabajar el flujo continuo.""</li><li><strong>[0:15-0:25] La Solución:</strong> ""Haz balanceos circulares ininterrumpidos. Involucra tu torso y flexiona las rodillas. Sé elástico, como el agua.""</li><li><strong>[0:25-0:30] Cierre:</strong> ""Fluye y el ritmo vendrá solo. Pruébalo hoy.""</li></ul>",Pendiente,47,2026-09-28 19:23:17.153,2026-09-28 19:23:17.153
cmulmxrve001cszpxmr93jvyc,"🎬 Píldora 49: ""Microdiálogos musicales"" (Tip #14)","<ul><li><strong>Teoría MLT:</strong> La interacción a través de patrones tonales y rítmicos cortos sin texto (usando sílabas neutras) permite al niño enfocar su atención en la pura estructura musical, facilitando el diálogo y su respuesta cantada.</li><li><strong>Aplicación Práctica:</strong> Al final de cualquier canción, mira a tu hijo y cántale un patrón muy corto de dos notas con una sílaba como 'pam' y guarda silencio mirándole con expectación para invitarle a responder de forma libre.</li><li><strong>Fuente:</strong> Jugando con la música. Bebés.pdf</li></ul>","<ul><li><strong>[0:00-0:05] Gancho (Visual):</strong> Cantas 'Pam-Pam' y señalas a cámara. <em>Texto:</em> Charla sin palabras con tu bebé. <em>Audio:</em> ""Haz este microdiálogo musical con tu bebé hoy mismo.""</li><li><strong>[0:05-0:15] Explicación:</strong> ""Usar patrones muy cortos sin texto permite al niño enfocar su atención y animarse a responder.""</li><li><strong>[0:15-0:25] La Solución:</strong> ""Al final de una canción, aíslate un momentito, cántale 'pam... pam', y quédate en silencio mirándole para que él te conteste libremente.""</li><li><strong>[0:25-0:30] Cierre:</strong> ""Charla en idioma musical. ¡Te encantará!""</li></ul>",Pendiente,48,2026-09-28 19:23:17.211,2026-09-28 19:23:17.211
cmulmxrwq001dszpxqqyy59h7,"🎬 Píldora 50: ""El ritmo pasivo-activo"" (Tip #15)","<ul><li><strong>Teoría MLT:</strong> En las fases iniciales de Aculturación en la MLT de Gordon, los bebés experimentan y asimilan el ritmo, la métrica y el flujo de forma pasiva pero encarnada, absorbiendo el movimiento físico directo de sus cuidadores.</li><li><strong>Aplicación Práctica:</strong> Toma a tu bebé en brazos o colócalo en tu regazo y balancéate de lado a lado, camina o realiza movimientos fluidos continuos mientras cantas o recitas cualquier texto sencillo en casa.</li><li><strong>Fuente:</strong> Jugando con la música. Bebés.pdf</li></ul>","<ul><li><strong>[0:00-0:05] Gancho (Visual):</strong> Abrazas a alguien invisible. <em>Texto:</em> Transfiere el ritmo con tu peso. <em>Audio:</em> ""El ritmo no se aprende aplaudiendo, se aprende asimilando el peso.""</li><li><strong>[0:05-0:15] Explicación:</strong> ""En sus primeros años, los bebés asimilan el ritmo de forma pasiva pero encarnada absorbiendo tus movimientos.""</li><li><strong>[0:15-0:25] La Solución:</strong> ""Coloca a tu bebé en tu pecho. Camina de forma fluida y rítmica mientras cantas. Él sentirá el tempo en cada paso tuyo.""</li><li><strong>[0:25-0:30] Cierre:</strong> ""Eres su metrónomo. Suscríbete para más ideas.""</li></ul>",Pendiente,49,2026-09-28 19:23:17.259,2026-09-28 19:23:17.259
cmulmxry2001eszpxwcvk8f24,"🎬 Píldora 51: ""Recitados durante el pañal"" (Tip #16)","<ul><li><strong>Teoría MLT:</strong> La musicalidad no requiere de canciones formales complejas; los recitados hablados y los juegos de palabras con ricas inflexiones expresivas de la voz (crescendo, acentos, cambios de registro agudo/grave) estimulan de forma óptima la discriminación auditiva.</li><li><strong>Aplicación Práctica:</strong> Crea pequeños recitados caseros y rítmicos durante rutinas diarias como el baño o el cambio de pañal, combinando el ritmo de tus palabras con caricias, cosquillas y besos rítmicos sobre su piel.</li><li><strong>Fuente:</strong> Jugando con la música. Bebés.pdf</li></ul>","<ul><li><strong>[0:00-0:05] Gancho (Visual):</strong> Haces gesto de cambiar un pañal. <em>Texto:</em> Haz del pañal una clase de música. <em>Audio:</em> ""Convierte el cambio de pañal en una masterclass de oído.""</li><li><strong>[0:05-0:15] Explicación:</strong> ""La musicalidad no necesita grandes sinfonías. Los recitados rítmicos estimulan su cerebro a tope.""</li><li><strong>[0:15-0:25] La Solución:</strong> ""Inventa un pequeño poema rítmico. Haz inflexiones raras de voz (agudo, grave, suave, fuerte) combinadas con besos y cosquillas a tiempo.""</li><li><strong>[0:25-0:30] Cierre:</strong> ""Rutina musical. Más juegos en mi plataforma.""</li></ul>",Pendiente,50,2026-09-28 19:23:17.306,2026-09-28 19:23:17.306
cmulmxrze001fszpxxryvrqyv,"🎬 Píldora 52: ""El poder de los ojos"" (Tip #17)","<ul><li><strong>Teoría MLT:</strong> El contacto visual es la herramienta de conexión más potente durante la audición preparatoria para animar a los niños a responder a la música de forma natural.</li><li><strong>Aplicación Práctica:</strong> Cuando le cantes a tu hijo en casa, mírale directamente a los ojos con calidez. El contacto visual activa su atención y le ayuda a asimilar e imitar los sonidos que produces de manera mucho más receptiva.</li><li><strong>Fuente:</strong> Jugando con la música. Bebés.pdf</li></ul>","<ul><li><strong>[0:00-0:05] Gancho (Visual):</strong> Te acercas mucho a la cámara mirando fijamente. <em>Texto:</em> Mírale a los ojos cuando cantes. <em>Audio:</em> ""Tu mirada es más potente que cualquier instrumento musical.""</li><li><strong>[0:05-0:15] Explicación:</strong> ""El contacto visual en la educación temprana comunica al niño que él es el destinatario de la música.""</li><li><strong>[0:15-0:25] La Solución:</strong> ""Cada vez que hagas un juego de manos, agáchate a su altura y mírale directo a los ojos. Esto activa su atención y capacidad de imitación.""</li><li><strong>[0:25-0:30] Cierre:</strong> ""Conecta con los ojos y aprenderá mejor.""</li></ul>",Pendiente,51,2026-09-28 19:23:17.354,2026-09-28 19:23:17.354
cmulmxs0q001gszpx0rj3ll7a,"🎬 Píldora 53: ""Las mujeres y la voz de cabeza"" (Tip #18)","<ul><li><strong>Teoría MLT:</strong> La 'Voz Cantada' ideal para dirigirnos a los niños en la etapa de educación temprana es la que se caracteriza por ser una voz colocada en la cabeza.</li><li><strong>Aplicación Práctica:</strong> Al cantarle a un bebé, utiliza un tono de voz más agudo y ligero (voz de cabeza) en lugar de una voz de pecho pesada o hablarle cantando bajo. Esto se adapta mejor a su rango auditivo y facilita que, en el futuro, aprenda a afinar correctamente.</li><li><strong>Fuente:</strong> Jugando con la música. Bebés.pdf</li></ul>","<ul><li><strong>[0:00-0:05] Gancho (Visual):</strong> Cantas muy agudo como una sirena (divertido). <em>Texto:</em> Mamá, cambia tu tono. <em>Audio:</em> ""Mamás, si queréis que el bebé afine, cantad así.""</li><li><strong>[0:05-0:15] Explicación:</strong> ""Hablarles con voz grave no ayuda. La tesitura infantil está entre un 'Re' y un 'La' agudos.""</li><li><strong>[0:15-0:25] La Solución:</strong> ""Usa tu 'voz de cabeza', aguda, ligera y cariñosa. Si eres papá, canta suave usando falsete. Les será facilísimo imitarte.""</li><li><strong>[0:25-0:30] Cierre:</strong> ""Facilítales la afinación. ¡Prueba la voz de cabeza!""</li></ul>",Pendiente,52,2026-09-28 19:23:17.402,2026-09-28 19:23:17.402
cmulmxs21001hszpxo51y1zfh,"🎬 Píldora 54: ""El peligro del coro escolar"" (Tip #19)","<ul><li><strong>Teoría MLT:</strong> El peligro de cantar únicamente en grupo. La MLT advierte que la práctica escolar común de cantar siempre al unísono impide que los niños desarrollen un pensamiento musical individual. Equivale a enseñar a hablar haciendo que los niños repitan frases solo en coro: aprenderían a imitar mecánicamente, pero no a dar significado personal a sus ideas musicales.</li><li><strong>Aplicación Práctica:</strong> Cuando cantes con tu hijo, no cantes siempre encima de su voz. Dale su espacio: canta una frase tú y deja que él intente cantar la siguiente o que complete el final de la canción a su manera de forma individual.</li><li><strong>Fuente:</strong> MUSIC PLAY.pdf</li></ul>","<ul><li><strong>[0:00-0:05] Gancho (Visual):</strong> Haces gesto de taparte la boca asustado. <em>Texto:</em> El peligro de cantar siempre juntos. <em>Audio:</em> ""Cantar al unísono todo el tiempo frena el pensamiento musical de tu hijo.""</li><li><strong>[0:05-0:15] Explicación:</strong> ""Si los niños solo repiten en coro, no aprenden a dar significado personal a sus ideas. Es como imitar palabras sin entenderlas.""</li><li><strong>[0:15-0:25] La Solución:</strong> ""No cantes siempre encima de su voz. Canta una frase y déjale que él invente o termine la siguiente a su manera, en solitario.""</li><li><strong>[0:25-0:30] Cierre:</strong> ""Dales espacio para cantar solos. ¡Sígueme!""</li></ul>",Pendiente,53,2026-09-28 19:23:17.45,2026-09-28 19:23:17.45
cmulmxs3d001iszpx8swt8svm,"🎬 Píldora 55: ""Absorber vocabulario musical"" (Tip #20)","<ul><li><strong>Teoría MLT:</strong> Las canciones y recitados (chants) sin palabras permiten que los niños se concentren exclusivamente en el contenido musical (tonalidad y metro) sin la distracción del lenguaje. Esto ayuda a desarrollar una sintaxis musical de forma similar a cómo absorben el vocabulario de su lengua materna.</li><li><strong>Aplicación Práctica:</strong> Canta melodías sencillas o inventa ritmos en casa usando sílabas neutras como 'bum', 'la', 'mah' o 'pa' en lugar de usar la letra de la canción. Esto ayuda al bebé a enfocarse puramente en los tonos y en la estructura rítmica.</li><li><strong>Fuente:</strong> MUSIC PLAY.pdf</li></ul>","<ul><li><strong>[0:00-0:05] Gancho (Visual):</strong> Señalas tu cabeza. <em>Texto:</em> El diccionario de la música. <em>Audio:</em> ""¿Quieres que tu hijo tenga un buen diccionario musical en su cerebro?""</li><li><strong>[0:05-0:15] Explicación:</strong> ""Las canciones sin palabras permiten que se concentren exclusivamente en los tonos y los ritmos puros.""</li><li><strong>[0:15-0:25] La Solución:</strong> ""Reinventa sus canciones favoritas usando sílabas como 'bum, la, mah'. Aprenderá la sintaxis musical rapidísimo.""</li><li><strong>[0:25-0:30] Cierre:</strong> ""La música pura no necesita palabras. Pruébalo hoy.""</li></ul>",Pendiente,54,2026-09-28 19:23:17.497,2026-09-28 19:23:17.497
cmulmxs4p001jszpxa8y0o7q2,"🎬 Píldora 56: ""Transición del balbuceo"" (Tip #21)","<ul><li><strong>Teoría MLT:</strong> El movimiento del cuerpo es el vehículo más importante para transicionar del 'balbuceo musical' a la comprensión musical real. Según la adaptación de Laban a la MLT, el control positivo de la energía y tensión corporal (flujo continuo) a través de las caderas, espalda y rodillas es la clave para la afinación y la precisión rítmica posterior.</li><li><strong>Aplicación Práctica:</strong> Cuando te muevas con la música en casa, evita la rigidez y los gestos duros. Concéntrate en que tus movimientos sean circulares, fluidos y relajados, usando especialmente la pelvis y flexionando las rodillas para transmitir esa fluidez a tu hijo.</li><li><strong>Fuente:</strong> MUSIC PLAY.pdf</li></ul>","<ul><li><strong>[0:00-0:05] Gancho (Visual):</strong> Mueves los hombros sueltos. <em>Texto:</em> Del ruido a la música. <em>Audio:</em> ""El cuerpo es el puente entre el balbuceo y la música real.""</li><li><strong>[0:05-0:15] Explicación:</strong> ""Controlar positivamente la tensión corporal es clave para luego poder afinar y tener buen ritmo.""</li><li><strong>[0:15-0:25] La Solución:</strong> ""Baila con rodillas flexionadas, caderas relajadas. Movimientos circulares. Nada de marcha dura.""</li><li><strong>[0:25-0:30] Cierre:</strong> ""Relaja el cuerpo, afina la mente. Suscríbete.""</li></ul>",Pendiente,55,2026-09-28 19:23:17.545,2026-09-28 19:23:17.545
cmulmxs60001kszpxduy031x7,"🎬 Píldora 57: ""La mirada de Audiación"" (Tip #22)","<ul><li><strong>Teoría MLT:</strong> El 'Audiation Stare' (mirada de audiación) es una reacción visual y corporal del niño que indica que se ha dado cuenta de que el sonido que él mismo emitió no coincide con el modelo que cantó el adulto. Es la señal inequívoca de que está listo para avanzar a la Etapa 5 de audiación preparatoria.</li><li><strong>Aplicación Práctica:</strong> Observa el rostro de tu hijo cuando intente imitar un sonido tuyo. Si notas que tras cantar se te queda mirando fijamente con cara de sorpresa o desconcierto, no digas nada: su cerebro está comparando activamente ambos sonidos. Es un momento de aprendizaje interno masivo.</li><li><strong>Fuente:</strong> MUSIC PLAY.pdf</li></ul>","<ul><li><strong>[0:00-0:05] Gancho (Visual):</strong> Pones cara de sorpresa muy fija. <em>Texto:</em> ¿Tu hijo te mira así? <em>Audio:</em> ""Si tu hijo se te queda mirando fijamente así después de cantar... ¡Enhorabuena!""</li><li><strong>[0:05-0:15] Explicación:</strong> ""Se llama 'Audiation Stare' o mirada de audiación. Ocurre cuando su cerebro compara el sonido que él ha hecho con el modelo que tú cantaste.""</li><li><strong>[0:15-0:25] La Solución:</strong> ""No digas NADA. No le corrijas. Déjale pensar. Está haciendo una conexión cerebral masiva en ese silencio.""</li><li><strong>[0:25-0:30] Cierre:</strong> ""Respeta el silencio productivo. ¡Sigue a Musicabalú!""</li></ul>",Pendiente,56,2026-09-28 19:23:17.593,2026-09-28 19:23:17.593
cmulmxs7c001lszpxetuj5aa0,"🎬 Píldora 58: ""Regresiones mágicas"" (Tip #23)","<ul><li><strong>Teoría MLT:</strong> La aptitud musical evolutiva de los niños fluctúa de manera natural. Si un niño que ya mostraba respuestas avanzadas (como coordinar respiración y canto) de repente realiza intentos descoordinados o regresivos, el educador no debe descender el nivel de la guía o de los patrones.</li><li><strong>Aplicación Práctica:</strong> Si notas que tu hijo un día parece haber 'olvidado' cómo imitar un patrón que ya dominaba, no te preocupes ni retrocedas a juegos más sencillos. Mantén el nivel de juego habitual de forma paciente; las regresiones temporales son normales en su desarrollo cognitivo.</li><li><strong>Fuente:</strong> MUSIC PLAY.pdf</li></ul>","<ul><li><strong>[0:00-0:05] Gancho (Visual):</strong> Haces gesto de rascarte la cabeza confundido. <em>Texto:</em> ¿Ayer cantaba y hoy no? <em>Audio:</em> ""¿Tu hijo hacía súper bien un ritmo ayer y hoy parece que ha olvidado cómo se hace?""</li><li><strong>[0:05-0:15] Explicación:</strong> ""Es una regresión temporal, súper normal en su desarrollo cognitivo. No significa que esté retrocediendo.""</li><li><strong>[0:15-0:25] La Solución:</strong> ""Mantén la calma, no te frustres ni bajes el nivel de los juegos. Síguele ofreciendo tu modelo y volverá a conectar enseguida.""</li><li><strong>[0:25-0:30] Cierre:</strong> ""Avanzan en espiral, no en línea recta. ¡Guárdalo!""</li></ul>",Pendiente,57,2026-09-28 19:23:17.64,2026-09-28 19:23:17.64
cmulmxs8n001mszpx4esajefr,"🎬 Píldora 59: ""El tamaño ideal del grupo"" (Tip #24)","<ul><li><strong>Teoría MLT:</strong> El tamaño óptimo para una sesión de educación musical temprana es de un máximo de 12 niños, cada uno acompañado por al menos un adulto cuidador, en sesiones de 30 a 40 minutos, una o dos veces por semana.</li><li><strong>Aplicación Práctica:</strong> Si realizas actividades musicales en casa con amigos o familiares, mantén el grupo pequeño y asegúrate de que cada niño tenga un adulto que interactúe directamente con él, evitando que los niños se distraigan.</li><li><strong>Fuente:</strong> MUSIC PLAY.pdf</li></ul>","<ul><li><strong>[0:00-0:05] Gancho (Visual):</strong> Haces el número 12 con las manos. <em>Texto:</em> Nunca más de 12. <em>Audio:</em> ""¿Sabías que hacer música con más de 12 niños a la vez no es efectivo?""</li><li><strong>[0:05-0:15] Explicación:</strong> ""Gordon descubrió que el entorno ideal para asimilar música en primera infancia es íntimo y controlado.""</li><li><strong>[0:15-0:25] La Solución:</strong> ""Ya sea en casa con primos o en clases extraescolares, buscad siempre grupos pequeños donde cada niño tenga un adulto cuidador interactuando con él.""</li><li><strong>[0:25-0:30] Cierre:</strong> ""Calidad antes que cantidad. En mis clases presenciales lo cumplimos a rajatabla.""</li></ul>",Pendiente,58,2026-09-28 19:23:17.688,2026-09-28 19:23:17.688
cmulmxsa6001nszpxf67z1cby,"🎬 Píldora 60: ""Los 3 pilares del cerebro musical"" (Tip #25)","<ul><li><strong>Teoría MLT:</strong> Los niños pequeños aprenden música principalmente a través de tres pilares esenciales: la repetición (para consolidar), la variedad (exposición a múltiples tonalidades y métricas usuales e inusuales) y el silencio (para dar espacio a la audiación y la respuesta).</li><li><strong>Aplicación Práctica:</strong> Canta canciones sin letra usando sílabas neutras (como 'pam') en diferentes modos (menor, dórico, mixolidio) y no solo en modo mayor. Después de cantar una frase musical, haz una pausa de silencio intencional mirando a tu hijo a los ojos para darle la oportunidad de responder con un sonido o movimiento.</li><li><strong>Fuente:</strong> MUSIC PLAY.pdf</li></ul>","<ul><li><strong>[0:00-0:05] Gancho (Visual):</strong> Muestras 3 dedos. <em>Texto:</em> Los 3 pilares de la música. <em>Audio:</em> ""Repetición, variedad y silencio. Estos son los 3 pilares del aprendizaje musical infantil.""</li><li><strong>[0:05-0:15] Explicación:</strong> ""La repetición les da seguridad. La variedad (canciones raras y diferentes) estimula. Y el silencio les deja pensar.""</li><li><strong>[0:15-0:25] La Solución:</strong> ""Cántale lo de siempre para darle seguridad, añádele una melodía extraña para sorprenderle, y termina con un silencio largo para que lo procese.""</li><li><strong>[0:25-0:30] Cierre:</strong> ""Fórmula ganadora. ¡Prueba esto en casa hoy!""</li></ul>",Pendiente,59,2026-09-28 19:23:17.742,2026-09-28 19:23:17.742
cmulmxsbi001oszpxj9u39pxm,"🎬 Píldora 61: ""La forma sana de corregir"" (Tip #26)","<ul><li><strong>Teoría MLT:</strong> Durante la etapa de imitación, si un niño responde con un patrón tonal inexacto o desafinado, el educador no debe corregirlo tradicionalmente. Lo correcto según la MLT es imitar la imprecisión del niño para validar su respuesta, invitarle a repetir y luego cantarle el patrón correcto, manteniendo siempre un contacto visual positivo.</li><li><strong>Aplicación Práctica:</strong> Si tu hijo intenta cantar un sonido pero lo hace desafinado, no le digas 'así no' ni lo corrijas de forma teórica. Imita con tu voz el mismo sonido 'desafinado' que él hizo de forma divertida y cariñosa, haz contacto visual, y seguidamente canta tú el tono de forma afinada y clara para que él pueda comparar la diferencia en su propia mente.</li><li><strong>Fuente:</strong> MUSIC PLAY.pdf</li></ul>","<ul><li><strong>[0:00-0:05] Gancho (Visual):</strong> Niegas sonriendo y luego asientes. <em>Texto:</em> Así se corrige sin frustrar. <em>Audio:</em> ""Así se corrige a un niño desafinado sin hundir su confianza.""</li><li><strong>[0:05-0:15] Explicación:</strong> ""Decirle 'así no, es así' solo crea bloqueos y miedo a equivocarse.""</li><li><strong>[0:15-0:25] La Solución:</strong> ""Imita primero su nota desafinada. Haz contacto visual. Luego, canta tú la nota original afinada y limpia, dándole la oportunidad de compararlas en su mente sin presión.""</li><li><strong>[0:25-0:30] Cierre:</strong> ""Crea un espacio seguro para equivocarse.""</li></ul>",Pendiente,60,2026-09-28 19:23:17.791,2026-09-28 19:23:17.791
cmulmxscu001pszpx5c39lop5,"🎬 Píldora 62: ""Vibraciones que curan"" (Tip #27)","<ul><li><strong>Teoría MLT:</strong> En la etapa de Aculturación, cantar canciones con sílabas neutras presionando suavemente tu mejilla o cuello contra la cabeza del bebé o niño pequeño le permite experimentar físicamente las vibraciones del canto y la resonancia vocal de forma directa en su cuerpo.</li><li><strong>Aplicación Práctica:</strong> Toma a tu bebé en brazos o recuesta su cabecita en tu pecho o cuello mientras cantas de forma relajada y suave usando sílabas como 'bam-bam-bam' o 'pam-pam'. Tu propia voz servirá como un masaje vibratorio y caja de resonancia táctil para su cerebro musical.</li><li><strong>Fuente:</strong> MUSIC PLAY.pdf</li></ul>","<ul><li><strong>[0:00-0:05] Gancho (Visual):</strong> Pones la mano en tu propio cuello. <em>Texto:</em> Tu bebé necesita sentirte vibrar. <em>Audio:</em> ""El mejor masaje para el cerebro de tu bebé es tu propia garganta.""</li><li><strong>[0:05-0:15] Explicación:</strong> ""Al apoyar su cabeza en ti mientras cantas, experimenta las vibraciones y la resonancia vocal de forma física y táctil.""</li><li><strong>[0:15-0:25] La Solución:</strong> ""Toma a tu bebé, pega suavemente su cabeza a tu cuello o pecho y cántale 'bam-bam' de forma muy relajada. Es la experiencia musical más íntima.""</li><li><strong>[0:25-0:30] Cierre:</strong> ""Sentir la música en la piel. ¡Hazlo hoy!""</li></ul>",Pendiente,61,2026-09-28 19:23:17.839,2026-09-28 19:23:17.839
cmulmxse6001qszpxxog9qbal,"🎬 Píldora 63: ""Dibuja el ritmo en el aire"" (Tip #28)","<ul><li><strong>Teoría MLT:</strong> Para demostrar correctamente el 'flujo continuo' (continuous flow) entre macropulsos y evitar la rigidez corporal, no se debe rebotar o marcar el pulso con las manos en el mismo lugar físico más de una vez consecutiva.</li><li><strong>Aplicación Práctica:</strong> Cuando te muevas rítmicamente con tu hijo, imaginen que sus manos son pinceles que pintan líneas curvas y continuas en el aire que nunca se detienen en seco, en lugar de dar palmadas repetitivas o rítmicamente cortadas en el mismo sitio.</li><li><strong>Fuente:</strong> MUSIC PLAY.pdf</li></ul>","<ul><li><strong>[0:00-0:05] Gancho (Visual):</strong> Haces círculos en el aire como si pintaras. <em>Texto:</em> Pinta el ritmo en el aire. <em>Audio:</em> ""Si quieres que tu peque coja el ritmo, olvídate de dar palmas. Pinta en el aire.""</li><li><strong>[0:05-0:15] Explicación:</strong> ""El flujo continuo no se detiene nunca. Evita los rebotes bruscos en el mismo lugar físico.""</li><li><strong>[0:15-0:25] La Solución:</strong> ""Imaginad que vuestras manos son pinceles grandes. Dibujad líneas curvas enormes que nunca se detienen de golpe mientras suena la canción.""</li><li><strong>[0:25-0:30] Cierre:</strong> ""Ritmo visual y fluido. Únete a Musicabalú.""</li></ul>",Pendiente,62,2026-09-28 19:23:17.887,2026-09-28 19:23:17.887
cmulmxsfi001rszpxk4spvn1h,"🎬 Píldora 64: ""El gesto de la sorpresa"" (Tip #29)","<ul><li><strong>Teoría MLT:</strong> La respiración coordinada (Coordinated Breathing) es la base fisiológica del canto preciso y de la audiación. Realizar una inhalación de audiación (tomar aire activamente imitando el gesto de cantar) antes de iniciar cualquier patrón vocal u corporal ayuda a estructurar internamente el tempo y la afinación.</li><li><strong>Aplicación Práctica:</strong> Antes de empezar cualquier juego de sonidos o de cantar una frase, haz un gesto físico muy claro de 'sorpresa alegre' tomando aire de forma audible por la boca. Tu hijo imitará de forma natural esta preparación física antes de emitir su propia voz.</li><li><strong>Fuente:</strong> MUSIC PLAY.pdf</li></ul>","<ul><li><strong>[0:00-0:05] Gancho (Visual):</strong> Haces cara de súper sorpresa, abriendo mucho la boca. <em>Texto:</em> El gesto de la sorpresa musical. <em>Audio:</em> ""El gesto de sorpresa es el mejor truco para empezar una canción.""</li><li><strong>[0:05-0:15] Explicación:</strong> ""Esa inspiración audición, como si algo increíble fuera a pasar, estructura el tiempo y el tono internamente.""</li><li><strong>[0:15-0:25] La Solución:</strong> ""Antes de cualquier juego de sonidos, haz '¡Ah!' de forma sonora, abriendo los ojos. Tu peque te imitará y preparará su respiración antes de cantar.""</li><li><strong>[0:25-0:30] Cierre:</strong> ""La anticipación lo es todo. Pruébalo.""</li></ul>",Pendiente,63,2026-09-28 19:23:17.935,2026-09-28 19:23:17.935
cmulmxsgv001sszpxfmmgh6ha,"🎬 Píldora 65: ""Adiós a los golpes secos"" (Tip #30)","<ul><li><strong>Teoría MLT:</strong> El movimiento fluido continuo (Continuous Flow) ayuda a los niños en las etapas de Aculturación a experimentar la música de forma corporal antes de intentar estructurarla rítmicamente.</li><li><strong>Aplicación Práctica:</strong> Al cantar en casa, evita marcar rítmicamente el pulso con golpes rígidos. En su lugar, balancea tu cuerpo de manera constante o dibuja círculos imaginarios en el aire con tus brazos y hombros.</li><li><strong>Fuente:</strong> MUSIC PLAY.pdf</li></ul>","<ul><li><strong>[0:00-0:05] Gancho (Visual):</strong> Te golpeas las piernas muy seco y luego haces una ola suave. <em>Texto:</em> Adiós a los golpes secos. <em>Audio:</em> ""Cambia los golpes secos por olas continuas.""</li><li><strong>[0:05-0:15] Explicación:</strong> ""La 'Aculturación' se basa en experimentar la música de forma corporal fluida, sin interrupciones rítmicas duras.""</li><li><strong>[0:15-0:25] La Solución:</strong> ""En lugar de marcar el compás golpeándote la pierna 4 veces rígidamente, dibuja olas enormes con los brazos. Tu hijo asimilará mejor las subdivisiones de la música.""</li><li><strong>[0:25-0:30] Cierre:</strong> ""Sé como el agua. Sígueme para más descubrimientos musicales.""</li></ul>",Pendiente,64,2026-09-28 19:23:17.984,2026-09-28 19:23:17.984
cmulmxsii001tszpx3acpa22k,"🎬 Píldora 66: ""El error de la música de fondo"" (Tip #31)","<ul><li><strong>Teoría MLT:</strong> La respiración coordinada (Coordinated Breathing) es la base de la audición interior (audiation) y de la correcta ejecución musical. El gesto de respirar prepara al cerebro para cantar o moverse de manera precisa.</li><li><strong>Aplicación Práctica:</strong> Antes de empezar a cantar una canción en casa, haz una inspiración profunda y visible (exagerando un poco el levantamiento de tus hombros) para que tu hijo asocie de manera natural la respiración con el inicio de la música.</li><li><strong>Fuente:</strong> MUSIC PLAY.pdf</li></ul>","<ul><li><strong>[0:00-0:05] Gancho (Visual):</strong> Bajas el volumen de una radio o móvil. <em>Texto:</em> Apaga la música de fondo. <em>Audio:</em> ""Tener música sonando todo el día de fondo en casa es un error.""</li><li><strong>[0:05-0:15] Explicación:</strong> ""Si la música suena como ruido de fondo constante, el cerebro de tu hijo aprende a ignorarla. La convierte en sonido de pared.""</li><li><strong>[0:15-0:25] La Solución:</strong> ""La música debe escucharse de forma intencional. Enciéndela, bailad, cantad y luego apágala para disfrutar del silencio.""</li><li><strong>[0:25-0:30] Cierre:</strong> ""Dale valor al sonido. ¡Sígueme en Musicabalú!""</li></ul>",Pendiente,65,2026-09-28 19:23:18.043,2026-09-28 19:23:18.043
cmulmxsju001uszpxpukp6soh,"🎬 Píldora 67: ""El falso mito del Do Mayor"" (Tip #32)","<ul><li><strong>Teoría MLT:</strong> Cuando un niño imita un patrón de ritmo de forma incorrecta, el educador no debe corregir verbalmente. En su lugar, debe imitar el error del niño y entablar un diálogo de patrones no verbales usando esa misma respuesta incorrecta para guiarlo indirectamente hacia la autorregulación.</li><li><strong>Aplicación Práctica:</strong> Si estás jugando rítmicamente con tu hijo y él responde con un ritmo diferente o 'incorrecto', no le digas 'así no'. Imita exactamente el ritmo que él hizo con una sonrisa y hazle un gesto con la cabeza para invitarle a responderte de nuevo, continuando el juego como una conversación.</li><li><strong>Fuente:</strong> MUSIC PLAY.pdf</li></ul>","<ul><li><strong>[0:00-0:05] Gancho (Visual):</strong> Tocas una melodía muy típica y aburrida. <em>Texto:</em> Hay vida más allá del Do Mayor. <em>Audio:</em> ""¿Sabías que cantar siempre canciones felices en tono mayor limita a tu bebé?""</li><li><strong>[0:05-0:15] Explicación:</strong> ""Para que tu peque entienda bien la música, necesita contrastes. La tristeza o el misterio musical enriquecen su cerebro.""</li><li><strong>[0:15-0:25] La Solución:</strong> ""Cántale canciones en tonos menores, misteriosos o nostálgicos. No te preocupes, no se va a deprimir, ¡se hará más inteligente musicalmente!""</li><li><strong>[0:25-0:30] Cierre:</strong> ""Varía el menú sonoro. Únete a mi plataforma.""</li></ul>",Pendiente,66,2026-09-28 19:23:18.091,2026-09-28 19:23:18.091
cmulmxsl6001vszpxvv29vffs,"🎬 Píldora 68: ""El compás de 5 tiempos"" (Tip #33)","<ul><li><strong>Teoría MLT:</strong> El silencio absoluto y la inmovilidad al terminar un canto rítmico o canción son fundamentales en la etapa de aculturación. Este vacío de estímulos externos permite que el cerebro del niño active la audiación (procesamiento y audición interna de la música recién escuchada).</li><li><strong>Aplicación Práctica:</strong> Cuando termines de cantarle una canción corta o un arrullo a tu bebé, quédate completamente quieto, en silencio y mantén la mirada fija en él. No empieces otra actividad de inmediato; espera unos segundos a que el niño reaccione con un balbuceo, un sonido o un movimiento corporal.</li><li><strong>Fuente:</strong> MUSIC PLAY.pdf</li></ul>","<ul><li><strong>[0:00-0:05] Gancho (Visual):</strong> Cuentas 1,2,3,4,5 con los dedos. <em>Texto:</em> El compás pirata de 5 tiempos. <em>Audio:</em> ""Atrévete a cantar a 5 tiempos con tu bebé.""</li><li><strong>[0:05-0:15] Explicación:</strong> ""Casi todas las canciones infantiles son cuadradas (2 o 4 tiempos). Pero el cerebro musical asimila mejor los ritmos irregulares (como el 5 o el 7) si se los enseñas de pequeño.""</li><li><strong>[0:15-0:25] La Solución:</strong> ""Pon de fondo bandas sonoras como Misión Imposible (que está a 5 tiempos) o ritmos balcánicos. Bailad cojeando de forma divertida.""</li><li><strong>[0:25-0:30] Cierre:</strong> ""Acostúmbrale a la complejidad. ¡Te sorprenderá!""</li></ul>",Pendiente,67,2026-09-28 19:23:18.138,2026-09-28 19:23:18.138
cmulmxsml001wszpx5kwldrit,"🎬 Píldora 69: ""El bebé director de orquesta"" (Tip #34)","<ul><li><strong>Teoría MLT:</strong> El Flujo Continuo (Continuous Flow) es un movimiento libre, flexible y suave que no se interrumpe. Mover el cuerpo con flujo continuo según la MLT requiere involucrar caderas, espalda y hombros en trayectorias circulares, flectando las rodillas de forma relajada.</li><li><strong>Aplicación Práctica:</strong> Pon música suave en casa y muévete con tu hijo simulando que flotan en el agua o que vuelan, evitando movimientos rígidos o detenciones bruscas, dibujando círculos con los brazos y hombros.</li><li><strong>Fuente:</strong> MUSIC PLAY.pdf</li></ul>","<ul><li><strong>[0:00-0:05] Gancho (Visual):</strong> Haces gesto de dirigir con una batuta imaginaria. <em>Texto:</em> Deja que él dirija. <em>Audio:</em> ""La próxima vez que cantéis, haz que tu bebé sea el director de orquesta.""</li><li><strong>[0:05-0:15] Explicación:</strong> ""En la etapa de balbuceo, los niños no siguen tu tempo. Tú debes seguir el suyo.""</li><li><strong>[0:15-0:25] La Solución:</strong> ""Observa cómo se balancea o respira. Adapta la velocidad de la canción EXACTAMENTE a sus movimientos espontáneos.""</li><li><strong>[0:25-0:30] Cierre:</strong> ""Tú le acompañas a él, no él a ti. ¡Pruébalo!""</li></ul>",Pendiente,68,2026-09-28 19:23:18.189,2026-09-28 19:23:18.189
cmulmxsnx001xszpxvrzsoklc,"🎬 Píldora 70: ""La regla de los 4 segundos"" (Tip #35)","<ul><li><strong>Teoría MLT:</strong> Hacer contacto visual directo con los niños pequeños mientras se hace música es un gesto sumamente efectivo que les comunica que son importantes y que son los destinatarios activos y valorados de la experiencia musical.</li><li><strong>Aplicación Práctica:</strong> Cada vez que le cantes una rima o le hagas un juego de manos a tu hijo, agáchate a la altura de sus ojos, mírale directamente de forma expresiva y sonríele mientras cantas.</li><li><strong>Fuente:</strong> MUSIC PLAY.pdf</li></ul>","<ul><li><strong>[0:00-0:05] Gancho (Visual):</strong> Levantas 4 dedos contando despacio. <em>Texto:</em> La regla de los 4 segundos. <em>Audio:</em> ""Aplica la regla de los 4 segundos cuando juegues con música.""</li><li><strong>[0:05-0:15] Explicación:</strong> ""Los niños tardan mucho más que los adultos en procesar la información auditiva. Si vas muy rápido, se pierden.""</li><li><strong>[0:15-0:25] La Solución:</strong> ""Canta un patrón ('pam-pam'), míralo y cuenta internamente hasta 4 en absoluto silencio antes de volver a cantar. Le darás el tiempo exacto que su cerebro necesita para responder.""</li><li><strong>[0:25-0:30] Cierre:</strong> ""Paciencia musical. Sígueme para más.""</li></ul>",Pendiente,69,2026-09-28 19:23:18.237,2026-09-28 19:23:18.237
cmulmxspb001yszpxcxcmxxpf,"🎬 Píldora 71: ""El movimiento asimétrico"" (Tip #36)","<ul><li><strong>Teoría MLT:</strong> El 'Balbuceo Musical' (music babble) es la etapa en la que el niño responde con sonidos vocales desorganizados y es fundamental para su desarrollo musical, equivalente al balbuceo en el habla.</li><li><strong>Aplicación Práctica:</strong> Cuando tu bebé responda a tu música con chillidos o entonaciones informales, no intentes corregirlo para que cante afinado. En su lugar, imita sus balbuceos e inicia un diálogo conversacional cantado con sus propios sonidos.</li><li><strong>Fuente:</strong> MUSIC PLAY.pdf</li></ul>",,Pendiente,70,2026-09-28 19:23:18.288,2026-09-28 19:23:18.288
cmulmxsqw001zszpxetvcpova,"🎬 Píldora 72: ""Afinación en el cuello"" (Tip #37)",<ul><li><strong>Teoría MLT:</strong> Concepto MLT</li><li><strong>Aplicación Práctica:</strong> Ver guion abajo.</li><li><strong>Fuente:</strong> Guiones generados</li></ul>,"<ul><li><strong>[0:00-0:05] Gancho (Visual):</strong> Tocas tu laringe. <em>Texto:</em> Afinación por vibración. <em>Audio:</em> ""Tu bebé puede aprender a afinar tocando tu cuello.""</li><li><strong>[0:05-0:15] Explicación:</strong> ""La audición no solo ocurre por las orejas. El sonido se transmite por la estructura ósea y la piel.""</li><li><strong>[0:15-0:25] La Solución:</strong> ""Siéntalo encima de ti, pon su manita suavemente en tu garganta y canta sonidos largos (uuuu). Sentirá la vibración física de la afinación.""</li><li><strong>[0:25-0:30] Cierre:</strong> ""Música que se toca. ¡Haz la prueba!""</li></ul>",Pendiente,71,2026-09-28 19:23:18.344,2026-09-28 19:23:18.344
cmulmxssa0020szpxzn1650tw,"🎬 Píldora 73: ""No le cojas de las manos"" (Tip #38)",<ul><li><strong>Teoría MLT:</strong> Concepto MLT</li><li><strong>Aplicación Práctica:</strong> Ver guion abajo.</li><li><strong>Fuente:</strong> Guiones generados</li></ul>,"<ul><li><strong>[0:00-0:05] Gancho (Visual):</strong> Haces gesto de agarrar las manos de un bebé y agitarlas. <em>Texto:</em> No le muevas los brazos. <em>Audio:</em> ""No agarres las manitas de tu bebé para que dé palmas al ritmo.""</li><li><strong>[0:05-0:15] Explicación:</strong> ""Si le mueves los brazos a la fuerza, estás interrumpiendo su propio flujo continuo. Él no está sintiendo el ritmo, solo siente que le empujan.""</li><li><strong>[0:15-0:25] La Solución:</strong> ""Da palmas tú y deja que te mire. O balancéalo desde el torso completo, no manipulando sus extremidades como una marioneta.""</li><li><strong>[0:25-0:30] Cierre:</strong> ""Modelar sí, forzar no. ¡Sigue a Musicabalú!""</li></ul>",Pendiente,72,2026-09-28 19:23:18.394,2026-09-28 19:23:18.394
cmulmxstm0021szpx6obpnxmc,"🎬 Píldora 74: ""Cantar sin sonreír"" (Tip #39)",<ul><li><strong>Teoría MLT:</strong> Concepto MLT</li><li><strong>Aplicación Práctica:</strong> Ver guion abajo.</li><li><strong>Fuente:</strong> Guiones generados</li></ul>,"<ul><li><strong>[0:00-0:05] Gancho (Visual):</strong> Cantas con cara de aburrido. <em>Texto:</em> Cantar con cara de palo no sirve. <em>Audio:</em> ""¿Sabes por qué tu bebé no te hace caso cuando le cantas?""</li><li><strong>[0:05-0:15] Explicación:</strong> ""Para un niño, la música y la expresión facial van unidas. Una melodía alegre sin una cara iluminada no tiene sentido para ellos.""</li><li><strong>[0:15-0:25] La Solución:</strong> ""Exagera tus expresiones. Sube las cejas, sonríe a tope, abre mucho los ojos. Transmite la música con todos los músculos de tu cara.""</li><li><strong>[0:25-0:30] Cierre:</strong> ""Actúa tu música. ¡Guárdate este tip!""</li></ul>",Pendiente,73,2026-09-28 19:23:18.442,2026-09-28 19:23:18.442
cmulmxsv00022szpx9ye4lrk4,"🎬 Píldora 75: ""La palabra prohibida"" (Tip #40)",<ul><li><strong>Teoría MLT:</strong> Concepto MLT</li><li><strong>Aplicación Práctica:</strong> Ver guion abajo.</li><li><strong>Fuente:</strong> Guiones generados</li></ul>,"<ul><li><strong>[0:00-0:05] Gancho (Visual):</strong> Haces una cruz con los brazos. <em>Texto:</em> La palabra prohibida. <em>Audio:</em> ""Hay una palabra que nunca deberías usar en tus juegos musicales.""</li><li><strong>[0:05-0:15] Explicación:</strong> ""La palabra 'Mal'. En la música de 0 a 4 años, no existe lo 'mal'. Solo existen respuestas diferentes.""</li><li><strong>[0:15-0:25] La Solución:</strong> ""Cambia el chip. Si no sigue tu juego, no le digas 'lo haces mal'. Simplemente dile '¡qué sonido tan chulo!' y sigue cantando.""</li><li><strong>[0:25-0:30] Cierre:</strong> ""Validar antes que corregir. Únete a mi plataforma.""</li></ul>",Pendiente,74,2026-09-28 19:23:18.492,2026-09-28 19:23:18.492
cmulmxswh0023szpx0hrugssq,"🎬 Píldora 76: ""El espacio musical"" (Tip #41)",<ul><li><strong>Teoría MLT:</strong> Concepto MLT</li><li><strong>Aplicación Práctica:</strong> Ver guion abajo.</li><li><strong>Fuente:</strong> Guiones generados</li></ul>,"<ul><li><strong>[0:00-0:05] Gancho (Visual):</strong> Miras alrededor tuyo. <em>Texto:</em> Utiliza todo el salón. <em>Audio:</em> ""El ritmo también es una cuestión de espacio, no solo de tiempo.""</li><li><strong>[0:05-0:15] Explicación:</strong> ""Si juegas siempre sentado en el mismo sitio, el cerebro no asimila el peso de la música.""</li><li><strong>[0:15-0:25] La Solución:</strong> ""Jugad a dibujar círculos gigantes caminando por todo el salón con los brazos muy abiertos. Usar espacio grande fortalece el tempo.""</li><li><strong>[0:25-0:30] Cierre:</strong> ""Baila a lo grande. Suscríbete.""</li></ul>",Pendiente,75,2026-09-28 19:23:18.545,2026-09-28 19:23:18.545
cmulmxsxu0024szpxasswdcdc,"🎬 Píldora 77: ""La anacrusa de la mirada"" (Tip #42)",<ul><li><strong>Teoría MLT:</strong> Concepto MLT</li><li><strong>Aplicación Práctica:</strong> Ver guion abajo.</li><li><strong>Fuente:</strong> Guiones generados</li></ul>,"<ul><li><strong>[0:00-0:05] Gancho (Visual):</strong> Miras de reojo a cámara con suspense. <em>Texto:</em> El poder del contacto visual previo. <em>Audio:</em> ""No empieces a cantar de la nada.""</li><li><strong>[0:05-0:15] Explicación:</strong> ""El contacto visual previo sirve como un ancla. Es la señal que dice 'atento, va a pasar algo importante'.""</li><li><strong>[0:15-0:25] La Solución:</strong> ""Párate frente a él, míralo fijamente, asegúrate de que te devuelve la mirada, inspira y... ¡empieza a cantar!""</li><li><strong>[0:25-0:30] Cierre:</strong> ""Capta su atención primero. ¡Síguenos!""</li></ul>",Pendiente,76,2026-09-28 19:23:18.595,2026-09-28 19:23:18.595
cmulmxsz50025szpxqhihru9z,"🎬 Píldora 78: ""Instrumentos de madera"" (Tip #43)",<ul><li><strong>Teoría MLT:</strong> Concepto MLT</li><li><strong>Aplicación Práctica:</strong> Ver guion abajo.</li><li><strong>Fuente:</strong> Guiones generados</li></ul>,"<ul><li><strong>[0:00-0:05] Gancho (Visual):</strong> Tiras un juguete de plástico que suene mal. <em>Texto:</em> Fuera plásticos. <em>Audio:</em> ""Invierte en un buen instrumento de madera para tu bebé, no en plástico.""</li><li><strong>[0:05-0:15] Explicación:</strong> ""El timbre (la calidad del sonido) es clave para el oído. Los pianos de plástico que suenan estridentes educan mal al oído.""</li><li><strong>[0:15-0:25] La Solución:</strong> ""Compra unas buenas maracas de madera, una cajita china o unos cascabeles afinados. El sonido natural es infinitamente mejor para su cerebro.""</li><li><strong>[0:25-0:30] Cierre:</strong> ""Sonido orgánico siempre. ¡Prueba la diferencia!""</li></ul>",Pendiente,77,2026-09-28 19:23:18.642,2026-09-28 19:23:18.642
cmulmxt0m0026szpx9vmd07b9,"🎬 Píldora 79: ""El juego del peso"" (Tip #44)",<ul><li><strong>Teoría MLT:</strong> Concepto MLT</li><li><strong>Aplicación Práctica:</strong> Ver guion abajo.</li><li><strong>Fuente:</strong> Guiones generados</li></ul>,"<ul><li><strong>[0:00-0:05] Gancho (Visual):</strong> Levantas algo pesado y luego una pluma. <em>Texto:</em> El peso en la música. <em>Audio:</em> ""Aprender los acentos musicales simulando ser elefantes o plumas.""</li><li><strong>[0:05-0:15] Explicación:</strong> ""Los acentos (notas fuertes) se asimilan mejor conectándolos con el peso corporal.""</li><li><strong>[0:15-0:25] La Solución:</strong> ""Pon música fuerte y pisad el suelo como gigantes pesados. Luego ponla suave y caminad de puntillas súper ligeros. Su cuerpo entenderá los matices sin teoría.""</li><li><strong>[0:25-0:30] Cierre:</strong> ""Siente la gravedad musical. ¡Te espero en Musicabalú!""</li></ul>",Pendiente,78,2026-09-28 19:23:18.695,2026-09-28 19:23:18.695
cmulmxt1y0027szpxokqt3xu9,"🎬 Píldora 80: ""Cantar cuentos"" (Tip #45)",<ul><li><strong>Teoría MLT:</strong> Concepto MLT</li><li><strong>Aplicación Práctica:</strong> Ver guion abajo.</li><li><strong>Fuente:</strong> Guiones generados</li></ul>,"<ul><li><strong>[0:00-0:05] Gancho (Visual):</strong> Tienes un cuento infantil. <em>Texto:</em> Canta sus cuentos. <em>Audio:</em> ""Prueba a leerle el cuento de buenas noches... cantando.""</li><li><strong>[0:05-0:15] Explicación:</strong> ""Vincular la lectura y los cuentos con la melodía potencia muchísimo su atención y memoria.""</li><li><strong>[0:15-0:25] La Solución:</strong> ""Invéntate una melodía muy sencilla y usa esa melodía para leer todo el libro en lugar de hablar. Se quedarán hipnotizados.""</li><li><strong>[0:25-0:30] Cierre:</strong> ""Literatura y música de la mano. ¡Guarda el tip!""</li></ul>",Pendiente,79,2026-09-28 19:23:18.743,2026-09-28 19:23:18.743
cmulmxt3a0028szpxsa6evs6t,"🎬 Píldora 81: ""No aplaudas con las manos juntas"" (Tip #46)",<ul><li><strong>Teoría MLT:</strong> Concepto MLT</li><li><strong>Aplicación Práctica:</strong> Ver guion abajo.</li><li><strong>Fuente:</strong> Guiones generados</li></ul>,"<ul><li><strong>[0:00-0:05] Gancho (Visual):</strong> Aplaudes normal y luego lo haces acariciando una mano con la otra de paso. <em>Texto:</em> Palmas fluidas. <em>Audio:</em> ""Incluso dar palmas tiene su truco para que fluya.""</li><li><strong>[0:05-0:15] Explicación:</strong> ""Golpear las palmas y dejarlas pegadas frena la música. Queremos movimiento continuo.""</li><li><strong>[0:15-0:25] La Solución:</strong> ""Enséñale a dar palmas que 'rebotan' o se deslizan. Como si acariciaras una mano con otra dibujando círculos al tocar.""</li><li><strong>[0:25-0:30] Cierre:</strong> ""Todo debe ser fluido. ¡Sígueme!""</li></ul>",Pendiente,80,2026-09-28 19:23:18.79,2026-09-28 19:23:18.79
cmulmxt4l0029szpxrnbxs5nh,"🎬 Píldora 82: ""Escala mayor sin teoría"" (Tip #47)",<ul><li><strong>Teoría MLT:</strong> Concepto MLT</li><li><strong>Aplicación Práctica:</strong> Ver guion abajo.</li><li><strong>Fuente:</strong> Guiones generados</li></ul>,"<ul><li><strong>[0:00-0:05] Gancho (Visual):</strong> Subes la mano en escalera. <em>Texto:</em> Escalas como escaleras. <em>Audio:</em> ""Así asimilan la escala sin saber nada de teoría musical.""</li><li><strong>[0:05-0:15] Explicación:</strong> ""La conexión visual-auditiva ayuda mucho. Arriba y abajo.""</li><li><strong>[0:15-0:25] La Solución:</strong> ""Canta los patrones tonales moviendo tu mano hacia arriba o hacia abajo físicamente según suba o baje el sonido. Lo verán como un ascensor musical.""</li><li><strong>[0:25-0:30] Cierre:</strong> ""Sonidos que se ven. ¡Pruébalo!""</li></ul>",Pendiente,81,2026-09-28 19:23:18.838,2026-09-28 19:23:18.838
cmulmxt5x002aszpxt9un8l6x,"🎬 Píldora 83: ""Canciones que no riman"" (Tip #48)",<ul><li><strong>Teoría MLT:</strong> Concepto MLT</li><li><strong>Aplicación Práctica:</strong> Ver guion abajo.</li><li><strong>Fuente:</strong> Guiones generados</li></ul>,"<ul><li><strong>[0:00-0:05] Gancho (Visual):</strong> Niegas con el dedo. <em>Texto:</em> No todo tiene que rimar. <em>Audio:</em> ""La música no siempre necesita rimas.""</li><li><strong>[0:05-0:15] Explicación:</strong> ""La obsesión de que todo en las canciones infantiles rime (gato-zapato) desvía el foco de la música hacia el lenguaje.""</li><li><strong>[0:15-0:25] La Solución:</strong> ""De nuevo, quítale la letra. O usa palabras sueltas sin sentido aparente ('Pam... nube... sol'). Que el ritmo mande.""</li><li><strong>[0:25-0:30] Cierre:</strong> ""Menos rima, más ritmo. Únete a la plataforma.""</li></ul>",Pendiente,82,2026-09-28 19:23:18.885,2026-09-28 19:23:18.885
cmulmxt7i002bszpxf3wrbgsp,"🎬 Píldora 84: ""Música en el coche"" (Tip #49)",<ul><li><strong>Teoría MLT:</strong> Concepto MLT</li><li><strong>Aplicación Práctica:</strong> Ver guion abajo.</li><li><strong>Fuente:</strong> Guiones generados</li></ul>,"<ul><li><strong>[0:00-0:05] Gancho (Visual):</strong> Gesto de conducir. <em>Texto:</em> Viajes musicales productivos. <em>Audio:</em> ""El coche es el mejor auditorio para tu bebé.""</li><li><strong>[0:05-0:15] Explicación:</strong> ""Están atados, tranquilos y sin estímulos visuales agresivos. Es el momento perfecto para la aculturación auditiva.""</li><li><strong>[0:15-0:25] La Solución:</strong> ""Pon una playlist súper variada (jazz, clásica, brasileña) a un volumen moderado y deja que el viaje haga la magia de forma pasiva.""</li><li><strong>[0:25-0:30] Cierre:</strong> ""El coche también educa. ¡Haz tu playlist!""</li></ul>",Pendiente,83,2026-09-28 19:23:18.942,2026-09-28 19:23:18.942
cmulmxt8t002cszpx6rx82peq,"🎬 Píldora 85: ""El tempo de su llanto"" (Tip #50)",<ul><li><strong>Teoría MLT:</strong> Concepto MLT</li><li><strong>Aplicación Práctica:</strong> Ver guion abajo.</li><li><strong>Fuente:</strong> Guiones generados</li></ul>,"<ul><li><strong>[0:00-0:05] Gancho (Visual):</strong> Haces gesto de secarte lágrimas. <em>Texto:</em> El tempo de sus emociones. <em>Audio:</em> ""Puedes usar la música para calmar una rabieta si sigues su tempo.""</li><li><strong>[0:05-0:15] Explicación:</strong> ""Si está llorando rápido y con energía, una canción lenta le frustrará más. Hay disonancia cognitiva.""</li><li><strong>[0:15-0:25] La Solución:</strong> ""Empieza cantando o balanceándote rápido y enérgico, conectando con su caos. Poco a poco, vete frenando tu tempo y él se relajará contigo.""</li><li><strong>[0:25-0:30] Cierre:</strong> ""Liderazgo musical. ¡Guárdalo para crisis!""</li></ul>",Pendiente,84,2026-09-28 19:23:18.989,2026-09-28 19:23:18.989
cmulmxta4002dszpxamj9qlzr,"🎬 Píldora 86: ""Las pausas antes del clímax"" (Tip #51)",<ul><li><strong>Teoría MLT:</strong> Concepto MLT</li><li><strong>Aplicación Práctica:</strong> Ver guion abajo.</li><li><strong>Fuente:</strong> Guiones generados</li></ul>,"<ul><li><strong>[0:00-0:05] Gancho (Visual):</strong> Cara de tensión... ¡Bu! <em>Texto:</em> Juega con la tensión. <em>Audio:</em> ""La música necesita tensión para ser divertida.""</li><li><strong>[0:05-0:15] Explicación:</strong> ""La anticipación genera endorfinas. Las canciones sin sorpresas son muy planas.""</li><li><strong>[0:15-0:25] La Solución:</strong> ""Alarga artificialmente la última nota antes del final de una canción de juego (como un 'cucú...'). Cuanto más la alargues en silencio, mayor será su carcajada.""</li><li><strong>[0:25-0:30] Cierre:</strong> ""Suspense musical. ¡Síguenos!""</li></ul>",Pendiente,85,2026-09-28 19:23:19.037,2026-09-28 19:23:19.037
cmulmxtbf002eszpxd457bf9i,"🎬 Píldora 87: ""La sílaba 'Ba' frente a 'Pam'"" (Tip #52)",<ul><li><strong>Teoría MLT:</strong> Concepto MLT</li><li><strong>Aplicación Práctica:</strong> Ver guion abajo.</li><li><strong>Fuente:</strong> Guiones generados</li></ul>,"<ul><li><strong>[0:00-0:05] Gancho (Visual):</strong> Pronuncias muy claro 'BA' y 'PAM'. <em>Texto:</em> Elige bien tus sílabas. <em>Audio:</em> ""¿Sabes qué sílaba usar para cantar?""</li><li><strong>[0:05-0:15] Explicación:</strong> ""Para ritmos de percusión marcados, la 'P' y la 'T' son geniales (Pa-Pa-Pa). Para melodías fluidas, mejor consonantes suaves (Ba, La, Da).""</li><li><strong>[0:15-0:25] La Solución:</strong> ""Canta las canciones de cuna con 'La-La-La' o 'Ba-Ba', y usa 'Pa-Pa' para juegos rítmicos rápidos y marchas.""</li><li><strong>[0:25-0:30] Cierre:</strong> ""Pequeños detalles que importan. ¡Suscríbete!""</li></ul>",Pendiente,86,2026-09-28 19:23:19.084,2026-09-28 19:23:19.084
cmulmxtcs002fszpx4gra6nl3,"🎬 Píldora 88: ""Música de distintas culturas"" (Tip #53)",<ul><li><strong>Teoría MLT:</strong> Concepto MLT</li><li><strong>Aplicación Práctica:</strong> Ver guion abajo.</li><li><strong>Fuente:</strong> Guiones generados</li></ul>,"<ul><li><strong>[0:00-0:05] Gancho (Visual):</strong> Gesto de tocar un tambor tribal. <em>Texto:</em> Viaja con la música. <em>Audio:</em> ""Abre el mundo de tu hijo con música de otras culturas.""</li><li><strong>[0:05-0:15] Explicación:</strong> ""Cada cultura tiene escalas y ritmos únicos. Escuchar música africana, india o celta en los primeros años flexibiliza su oído.""</li><li><strong>[0:15-0:25] La Solución:</strong> ""Busca en Spotify 'música folk del mundo' y ponla de fondo mientras jugáis. Aprenderá idiomas musicales sin darse cuenta.""</li><li><strong>[0:25-0:30] Cierre:</strong> ""Ciudadanos del mundo musical. ¡Pruébalo!""</li></ul>",Pendiente,87,2026-09-28 19:23:19.132,2026-09-28 19:23:19.132
cmulmxte3002gszpxkhphhgyn,"🎬 Píldora 89: ""El eco que retrocede"" (Tip #54)",<ul><li><strong>Teoría MLT:</strong> Concepto MLT</li><li><strong>Aplicación Práctica:</strong> Ver guion abajo.</li><li><strong>Fuente:</strong> Guiones generados</li></ul>,"<ul><li><strong>[0:00-0:05] Gancho (Visual):</strong> Caminas hacia atrás susurrando. <em>Texto:</em> El juego del eco. <em>Audio:</em> ""Juega al eco espacial para entrenar su volumen.""</li><li><strong>[0:05-0:15] Explicación:</strong> ""Comprender los matices (fuerte y piano) es clave. Pero hacerlo quieto es menos efectivo.""</li><li><strong>[0:15-0:25] La Solución:</strong> ""Cántale fuerte muy de cerca. Da tres pasos hacia atrás y cántale más suave. Aléjate al pasillo y susúrrale. El espacio refuerza el volumen.""</li><li><strong>[0:25-0:30] Cierre:</strong> ""Dinámicas en movimiento. ¡Te espero en Musicabalú!""</li></ul>",Pendiente,88,2026-09-28 19:23:19.18,2026-09-28 19:23:19.18
cmulmxtft002hszpxczt25rg5,"🎬 Píldora 90: ""El valor del tarareo"" (Tip #55)",<ul><li><strong>Teoría MLT:</strong> Concepto MLT</li><li><strong>Aplicación Práctica:</strong> Ver guion abajo.</li><li><strong>Fuente:</strong> Guiones generados</li></ul>,"<ul><li><strong>[0:00-0:05] Gancho (Visual):</strong> Tarareas con la boca cerrada (Mmmmm). <em>Texto:</em> Cierra la boca y canta. <em>Audio:</em> ""Tararear con la boca cerrada tiene un poder mágico.""</li><li><strong>[0:05-0:15] Explicación:</strong> ""El tarareo hace que la vibración se quede dentro de los senos paranasales y el cráneo. Es un estímulo físico muy relajante.""</li><li><strong>[0:15-0:25] La Solución:</strong> ""Pega tu frente a la suya suavemente y tararea una melodía (Mmmm). Sentirá el cosquilleo y le calmará profundamente.""</li><li><strong>[0:25-0:30] Cierre:</strong> ""Vibración pura. ¡Hazlo hoy!""</li></ul>",Pendiente,89,2026-09-28 19:23:19.241,2026-09-28 19:23:19.241
cmulmxth5002iszpxyg5i9ivz,"🎬 Píldora 91: ""El canto a capella"" (Tip #56)",<ul><li><strong>Teoría MLT:</strong> Concepto MLT</li><li><strong>Aplicación Práctica:</strong> Ver guion abajo.</li><li><strong>Fuente:</strong> Guiones generados</li></ul>,"<ul><li><strong>[0:00-0:05] Gancho (Visual):</strong> Apagas un altavoz bluetooth. <em>Texto:</em> Canta a capella. <em>Audio:</em> ""Deja los instrumentos y la música grabada. Canta a pelo.""</li><li><strong>[0:05-0:15] Explicación:</strong> ""La música súper producida a veces es 'demasiado' para el oído inmaduro de un bebé.""</li><li><strong>[0:15-0:25] La Solución:</strong> ""El sonido desnudo de tu voz, sin acordes, sin fondo de guitarra, es lo más puro que hay. Es más fácil que aísle la melodía y el ritmo.""</li><li><strong>[0:25-0:30] Cierre:</strong> ""Tu voz basta. ¡Sígueme!""</li></ul>",Pendiente,90,2026-09-28 19:23:19.289,2026-09-28 19:23:19.289
cmulmxtig002jszpxrlhggftw,"🎬 Píldora 92: ""Pausas entre canciones"" (Tip #57)",<ul><li><strong>Teoría MLT:</strong> Concepto MLT</li><li><strong>Aplicación Práctica:</strong> Ver guion abajo.</li><li><strong>Fuente:</strong> Guiones generados</li></ul>,"<ul><li><strong>[0:00-0:05] Gancho (Visual):</strong> Haces gesto de respirar tras una carrera. <em>Texto:</em> No enganches las canciones. <em>Audio:</em> ""Empalmar una canción tras otra no le deja asimilar.""</li><li><strong>[0:05-0:15] Explicación:</strong> ""Si cantas 'El patio de mi casa' y justo al terminar arrancas con 'Un elefante', su cerebro colapsa.""</li><li><strong>[0:15-0:25] La Solución:</strong> ""Termina la primera, quédate en silencio mirando, respira un par de veces, y luego cambia. Déjale hacer el reseteo mental.""</li><li><strong>[0:25-0:30] Cierre:</strong> ""Espacio para respirar. ¡Guárdalo!""</li></ul>",Pendiente,91,2026-09-28 19:23:19.336,2026-09-28 19:23:19.336
cmulmxtjv002kszpxv620f0pn,"🎬 Píldora 93: ""Diferencia ritmo de tempo"" (Tip #58)",<ul><li><strong>Teoría MLT:</strong> Concepto MLT</li><li><strong>Aplicación Práctica:</strong> Ver guion abajo.</li><li><strong>Fuente:</strong> Guiones generados</li></ul>,"<ul><li><strong>[0:00-0:05] Gancho (Visual):</strong> Das palmas regulares vs rítmicas. <em>Texto:</em> Ritmo NO es Tempo. <em>Audio:</em> ""Cuidado, no confundas el ritmo con el tempo (pulso).""</li><li><strong>[0:05-0:15] Explicación:</strong> ""El pulso es el 'tictac' del reloj, siempre igual. El ritmo es el patrón de palabras que baila sobre el reloj.""</li><li><strong>[0:15-0:25] La Solución:</strong> ""Trabájalo con tu hijo marcando siempre un balanceo corporal estable (pulso), mientras vuestras voces hacen ritmos rápidos y lentos (ritmo).""</li><li><strong>[0:25-0:30] Cierre:</strong> ""Conceptos clave para músicos de cuna. ¡Únete!""</li></ul>",Pendiente,92,2026-09-28 19:23:19.388,2026-09-28 19:23:19.388
cmulmxtl7002lszpxwa05t8bs,"🎬 Píldora 94: ""El patrón de tres notas"" (Tip #59)",<ul><li><strong>Teoría MLT:</strong> Concepto MLT</li><li><strong>Aplicación Práctica:</strong> Ver guion abajo.</li><li><strong>Fuente:</strong> Guiones generados</li></ul>,"<ul><li><strong>[0:00-0:05] Gancho (Visual):</strong> Levantas 3 dedos. <em>Texto:</em> La regla de las tres notas. <em>Audio:</em> ""Para jugar al eco con tu bebé, nunca uses más de 3 o 4 notas.""</li><li><strong>[0:05-0:15] Explicación:</strong> ""La memoria a corto plazo tonal de los peques no retiene frases largas de golpe.""</li><li><strong>[0:15-0:25] La Solución:</strong> ""Si quieres que repita, usa patrones cortos: 'Do-Mi-Sol', o 'La-Sooool'. Corto, claro y afinado. Y a esperar su eco.""</li><li><strong>[0:25-0:30] Cierre:</strong> ""Corto y preciso. ¡Síguenos en Musicabalú!""</li></ul>",Pendiente,93,2026-09-28 19:23:19.435,2026-09-28 19:23:19.435
cmulmxtmi002mszpxcjor390s,"🎬 Píldora 95: ""Celebra la equivocación"" (Tip #60)",<ul><li><strong>Teoría MLT:</strong> Concepto MLT</li><li><strong>Aplicación Práctica:</strong> Ver guion abajo.</li><li><strong>Fuente:</strong> Guiones generados</li></ul>,"<ul><li><strong>[0:00-0:05] Gancho (Visual):</strong> Aplaudes como si hubieras fallado aposta. <em>Texto:</em> Aplaudir el error. <em>Audio:</em> ""Equivocarse afinando o perdiendo el ritmo es motivo de fiesta.""</li><li><strong>[0:05-0:15] Explicación:</strong> ""Si cuando tu peque falla ve en ti una cara seria, desarrollará pánico a probar cosas musicales.""</li><li><strong>[0:15-0:25] La Solución:</strong> ""Si inventa una nota rarísima, ríete con él, celébralo como algo súper creativo y sigue fluyendo. La desinhibición es la madre del talento.""</li><li><strong>[0:25-0:30] Cierre:</strong> ""Música sin miedo. ¡Te espero en mis clases!""</li></ul>",Pendiente,94,2026-09-28 19:23:19.483,2026-09-28 19:23:19.483
cmulmxto0002nszpx7dk6abhy,"🎬 Píldora 96: ""No muevas sus manos"" (Tip #61)",<ul><li><strong>Teoría MLT:</strong> Concepto MLT</li><li><strong>Aplicación Práctica:</strong> Ver guion abajo.</li><li><strong>Fuente:</strong> Guiones generados</li></ul>,"<ul><li><strong>[0:00-0:05] Gancho (Visual):</strong> Mueves los brazos de un muñeco como marioneta. <em>Texto:</em> Tu hijo no es una marioneta. <em>Audio:</em> ""Nunca cojas las manos de tu hijo para obligarle a dar palmas al ritmo.""</li><li><strong>[0:05-0:15] Explicación:</strong> ""Para aprender ritmo, el cerebro necesita enviar la orden motora de forma autónoma. Si tú le mueves físicamente, anulas su proceso.""</li><li><strong>[0:15-0:25] La Solución:</strong> ""Da palmas tú, balancéate tú y dale tiempo. Déjale que sea él quien decida cuándo y cómo unirse al movimiento por imitación libre.""</li><li><strong>[0:25-0:30] Cierre:</strong> ""El ritmo debe nacer desde dentro. ¡Pruébalo!""</li></ul>",Pendiente,95,2026-09-28 19:23:19.536,2026-09-28 19:23:19.536
cmulmxtpb002oszpxwlnomby5,"🎬 Píldora 97: ""La magia de la tónica"" (Tip #62)",<ul><li><strong>Teoría MLT:</strong> Concepto MLT</li><li><strong>Aplicación Práctica:</strong> Ver guion abajo.</li><li><strong>Fuente:</strong> Guiones generados</li></ul>,"<ul><li><strong>[0:00-0:05] Gancho (Visual):</strong> Haces un gesto de 'caer en el sofá' descansando. <em>Texto:</em> El reposo musical. <em>Audio:</em> ""Asegúrate de que tus canciones terminen siempre descansando.""</li><li><strong>[0:05-0:15] Explicación:</strong> ""El cerebro humano necesita saber dónde está 'casa' en la música. Esa casa es la nota tónica, el tono de reposo.""</li><li><strong>[0:15-0:25] La Solución:</strong> ""Si te inventas canciones, procura siempre terminar en la nota más estable y grave de tu melodía. Es como poner un punto y final para que el cerebro cierre el ciclo.""</li><li><strong>[0:25-0:30] Cierre:</strong> ""Construye su casa musical. Sígueme para más.""</li></ul>",Pendiente,96,2026-09-28 19:23:19.584,2026-09-28 19:23:19.584
cmulmxtqn002pszpx9ov501iq,"🎬 Píldora 98: ""Las palabras también bailan"" (Tip #63)",<ul><li><strong>Teoría MLT:</strong> Concepto MLT</li><li><strong>Aplicación Práctica:</strong> Ver guion abajo.</li><li><strong>Fuente:</strong> Guiones generados</li></ul>,"<ul><li><strong>[0:00-0:05] Gancho (Visual):</strong> Lees un libro aburrido y de repente recitas con ritmo. <em>Texto:</em> Lee cuentos con Flow. <em>Audio:</em> ""Los cuentos de antes de dormir pueden ser tu mejor clase de ritmo.""</li><li><strong>[0:05-0:15] Explicación:</strong> ""El lenguaje tiene una métrica natural. Si lo exageras, estás enseñando música sin usar notas.""</li><li><strong>[0:15-0:25] La Solución:</strong> ""Exagera los acentos de las palabras (ha-BÍ-a una VEZ), y balancea tu cuerpo mientras lo lees como si fuera un rap súper suave.""</li><li><strong>[0:25-0:30] Cierre:</strong> ""Cuentos que se bailan. ¡Únete a la plataforma!""</li></ul>",Pendiente,97,2026-09-28 19:23:19.632,2026-09-28 19:23:19.632
cmulmxts2002qszpxrn0vl9km,"🎬 Píldora 99: ""El contraste de peso"" (Tip #64)",<ul><li><strong>Teoría MLT:</strong> Concepto MLT</li><li><strong>Aplicación Práctica:</strong> Ver guion abajo.</li><li><strong>Fuente:</strong> Guiones generados</li></ul>,"<ul><li><strong>[0:00-0:05] Gancho (Visual):</strong> Caminas pisando fuerte, y luego andas de puntillas. <em>Texto:</em> Gigantes y duendes. <em>Audio:</em> ""Juega a los gigantes y los duendes para enseñar el peso musical.""</li><li><strong>[0:05-0:15] Explicación:</strong> ""El ritmo no solo va rápido o lento, también va pesado o ligero.""</li><li><strong>[0:15-0:25] La Solución:</strong> ""Pon marchas fuertes (como la Marcha Imperial de Star Wars) y pisad como gigantes. Luego pon música de ballet (Tchaikovsky) y caminad flotando como duendes.""</li><li><strong>[0:25-0:30] Cierre:</strong> ""Aprende jugando. Guárdate este ejercicio.""</li></ul>",Pendiente,98,2026-09-28 19:23:19.682,2026-09-28 19:23:19.682
cmulmxttf002rszpxiyf6szd7,"🎬 Píldora 100: ""No temas al silencio incómodo"" (Tip #65)",<ul><li><strong>Teoría MLT:</strong> Concepto MLT</li><li><strong>Aplicación Práctica:</strong> Ver guion abajo.</li><li><strong>Fuente:</strong> Guiones generados</li></ul>,"<ul><li><strong>[0:00-0:05] Gancho (Visual):</strong> Te quedas mirando a cámara sin decir nada durante 3 segundos. <em>Texto:</em> Soporta el silencio. <em>Audio:</em> ""¿Te ha parecido incómodo este silencio? A tu hijo le hace falta.""</li><li><strong>[0:05-0:15] Explicación:</strong> ""Los adultos llenamos los vacíos con palabras por nerviosismo, pero los bebés necesitan pausas mucho más largas de lo que imaginas.""</li><li><strong>[0:15-0:25] La Solución:</strong> ""Cuando le cantes un eco, cállate y espera. Cuenta internamente hasta 5 antes de rendirte y volver a cantar. Dale ese tiempo mental.""</li><li><strong>[0:25-0:30] Cierre:</strong> ""Paciencia. En Musicabalú te enseñamos a esperar.""</li></ul>",Pendiente,99,2026-09-28 19:23:19.731,2026-09-28 19:23:19.731
cmulmxtuw002sszpxd20lpylm,"🎬 Píldora 101: ""Cantos de transición"" (Tip #66)",<ul><li><strong>Teoría MLT:</strong> Concepto MLT</li><li><strong>Aplicación Práctica:</strong> Ver guion abajo.</li><li><strong>Fuente:</strong> Guiones generados</li></ul>,"<ul><li><strong>[0:00-0:05] Gancho (Visual):</strong> Recoges un juguete canturreando. <em>Texto:</em> Transiciones sin lágrimas. <em>Audio:</em> ""Usa canciones cortas para evitar rabietas al cambiar de actividad.""</li><li><strong>[0:05-0:15] Explicación:</strong> ""En lugar de decir '¡Venga, a bañarse!', usa una melodía siempre igual que asocie con el baño.""</li><li><strong>[0:15-0:25] La Solución:</strong> ""Invéntate un patrón tonal súper simple (la-so-mi) y tararéalo mientras le llevas al baño cada día. Su cerebro aceptará la transición musical mucho mejor que una orden hablada.""</li><li><strong>[0:25-0:30] Cierre:</strong> ""Tu voz es la mejor rutina.""</li></ul>",Pendiente,100,2026-09-28 19:23:19.784,2026-09-28 19:23:19.784
cmulmxtwi002tszpxuxp35yud,"🎬 Píldora 102: ""La imitación diferida"" (Tip #67)",<ul><li><strong>Teoría MLT:</strong> Concepto MLT</li><li><strong>Aplicación Práctica:</strong> Ver guion abajo.</li><li><strong>Fuente:</strong> Guiones generados</li></ul>,"<ul><li><strong>[0:00-0:05] Gancho (Visual):</strong> Haces gesto de cantar... y horas después el bebé canta. <em>Texto:</em> Aprende ahora, canta mañana. <em>Audio:</em> ""¿Por qué tu peque canta la canción horas después de que tú pararas?""</li><li><strong>[0:05-0:15] Explicación:</strong> ""Se llama imitación diferida. Su cerebro estaba procesando internamente la melodía y de repente hace 'clic' horas o días después.""</li><li><strong>[0:15-0:25] La Solución:</strong> ""Si en el momento de jugar no te hace caso, no te frustres. Él te está grabando. Simplemente sigue cantando y disfruta. Ya te devolverá la canción mañana.""</li><li><strong>[0:25-0:30] Cierre:</strong> ""Siembra y recoge. ¡Síguenos para más!""</li></ul>",Pendiente,101,2026-09-28 19:23:19.843,2026-09-28 19:23:19.843
cmulmxtxv002uszpxrjdb2532,"🎬 Píldora 103: ""Cuerpo relajado, mente rápida"" (Tip #68)",<ul><li><strong>Teoría MLT:</strong> Concepto MLT</li><li><strong>Aplicación Práctica:</strong> Ver guion abajo.</li><li><strong>Fuente:</strong> Guiones generados</li></ul>,"<ul><li><strong>[0:00-0:05] Gancho (Visual):</strong> Tensas los hombros y el cuello. <em>Texto:</em> ¡Relaja esos hombros! <em>Audio:</em> ""Aprender música con los hombros tensos es misión imposible.""</li><li><strong>[0:05-0:15] Explicación:</strong> ""Si tu postura o la suya es rígida, el flujo continuo (la base del ritmo) desaparece por completo.""</li><li><strong>[0:15-0:25] La Solución:</strong> ""Antes de jugar con música, haced un escáner corporal. Revisa que sus bracitos caigan sueltos y que no esté apretando la mandíbula o el cuello. Sacudíos un poco y ¡a cantar!""</li><li><strong>[0:25-0:30] Cierre:</strong> ""Cuerpo blando, cerebro esponja.""</li></ul>",Pendiente,102,2026-09-28 19:23:19.891,2026-09-28 19:23:19.891
cmulmxtz8002vszpxj0457b9p,"🎬 Píldora 104: ""La voz aguda no es ridícula"" (Tip #69)",<ul><li><strong>Teoría MLT:</strong> Concepto MLT</li><li><strong>Aplicación Práctica:</strong> Ver guion abajo.</li><li><strong>Fuente:</strong> Guiones generados</li></ul>,"<ul><li><strong>[0:00-0:05] Gancho (Visual):</strong> Pones cara de vergüenza cantando agudo. <em>Texto:</em> Papás, perded la vergüenza. <em>Audio:</em> ""Papás, dejad la vergüenza a un lado y cantad más agudo.""</li><li><strong>[0:05-0:15] Explicación:</strong> ""Los bebés captan mucho mejor el registro medio-agudo. Si usas tu voz profunda de hombre adulto, les costará un mundo imitarte.""</li><li><strong>[0:15-0:25] La Solución:</strong> ""Usa el falsete (la voz de Mickey Mouse) suave y aterciopelada. A tu bebé le encantará y le estarás dando un modelo de afinación perfecto para él.""</li><li><strong>[0:25-0:30] Cierre:</strong> ""Haz el ridículo por su bien. ¡Prueba hoy!""</li></ul>",Pendiente,103,2026-09-28 19:23:19.94,2026-09-28 19:23:19.94
cmulmxu0q002wszpx7l0zn9ik,"🎬 Píldora 105: ""Menos juguetes, más cuerpo"" (Tip #70)",<ul><li><strong>Teoría MLT:</strong> Concepto MLT</li><li><strong>Aplicación Práctica:</strong> Ver guion abajo.</li><li><strong>Fuente:</strong> Guiones generados</li></ul>,"<ul><li><strong>[0:00-0:05] Gancho (Visual):</strong> Tiras un montón de sonajeros. <em>Texto:</em> Tu cuerpo es el mejor instrumento. <em>Audio:</em> ""No necesitas gastarte dinero en instrumentos infantiles para que aprenda música.""</li><li><strong>[0:05-0:15] Explicación:</strong> ""El instrumento principal de la Music Learning Theory es el cuerpo humano. Todo lo demás es secundario hasta que crecen.""</li><li><strong>[0:15-0:25] La Solución:</strong> ""Vuestra voz, vuestras rodillas rebotando, balancearos abrazados... esa es la mejor orquesta del mundo para la etapa de 0 a 3 años.""</li><li><strong>[0:25-0:30] Cierre:</strong> ""Menos cosas, más contacto. Únete a Musicabalú.""</li></ul>",Pendiente,104,2026-09-28 19:23:19.995,2026-09-28 19:23:19.995
cmulmxu22002xszpxxropbc7m,"🎬 Píldora 106: ""El pulso del metrónomo NO sirve"" (Tip #71)",<ul><li><strong>Teoría MLT:</strong> Concepto MLT</li><li><strong>Aplicación Práctica:</strong> Ver guion abajo.</li><li><strong>Fuente:</strong> Guiones generados</li></ul>,"<ul><li><strong>[0:00-0:05] Gancho (Visual):</strong> Suena el tic-tac de un metrónomo aburrido. <em>Texto:</em> Apaga el metrónomo. <em>Audio:</em> ""Usar un metrónomo con niños pequeños es un error gravísimo.""</li><li><strong>[0:05-0:15] Explicación:</strong> ""El metrónomo es mecánico, rígido y frío. Los niños aprenden el ritmo de forma orgánica, que respira y se mueve.""</li><li><strong>[0:15-0:25] La Solución:</strong> ""Nunca pongas clics de fondo. Usa tu propio cuerpo balanceándose, respirando con naturalidad, con sus ligeras imperfecciones. Eso es el ritmo real.""</li><li><strong>[0:25-0:30] Cierre:</strong> ""Música viva, no máquinas.""</li></ul>",Pendiente,105,2026-09-28 19:23:20.043,2026-09-28 19:23:20.043
cmulmxu3g002yszpx7ksgxk5v,"🎬 Píldora 107: ""Patrones tonales en el baño"" (Tip #72)",<ul><li><strong>Teoría MLT:</strong> Concepto MLT</li><li><strong>Aplicación Práctica:</strong> Ver guion abajo.</li><li><strong>Fuente:</strong> Guiones generados</li></ul>,"<ul><li><strong>[0:00-0:05] Gancho (Visual):</strong> Haces gesto de enjabonarte cantando. <em>Texto:</em> La acústica del baño. <em>Audio:</em> ""El baño es el mejor estudio de grabación para tu bebé.""</li><li><strong>[0:05-0:15] Explicación:</strong> ""El eco y la reverberación del cuarto de baño hacen que vuestras voces suenen espectaculares y atraen su atención auditiva al máximo.""</li><li><strong>[0:15-0:25] La Solución:</strong> ""Aprovecha la bañera para cantar patrones cortitos ('pam-pam-pam') y juega a que rebote el eco en los azulejos. Su oído se afilará el doble.""</li><li><strong>[0:25-0:30] Cierre:</strong> ""Conciertos de bañera. ¡Pruébalo esta noche!""</li></ul>",Pendiente,106,2026-09-28 19:23:20.092,2026-09-28 19:23:20.092
cmulmxu4u002zszpx3t7dmu11,"🎬 Píldora 108: ""La escucha periférica"" (Tip #73)",<ul><li><strong>Teoría MLT:</strong> Concepto MLT</li><li><strong>Aplicación Práctica:</strong> Ver guion abajo.</li><li><strong>Fuente:</strong> Guiones generados</li></ul>,"<ul><li><strong>[0:00-0:05] Gancho (Visual):</strong> El bebé está jugando de espaldas (tú haces el gesto). <em>Texto:</em> Parece que no escucha, pero sí. <em>Audio:</em> ""¿Crees que si tu bebé está jugando a los bloques de espaldas no te está escuchando cantar?""</li><li><strong>[0:05-0:15] Explicación:</strong> ""Es la escucha periférica. Aunque estén concentrados en otra cosa, su radar auditivo subconsciente está grabando todo el patrón musical.""</li><li><strong>[0:15-0:25] La Solución:</strong> ""Si se aleja a jugar con un tren, no pares de cantar. Sigue haciendo tu música cerca de él. Estará absorbiendo toda la información sin agobiarse.""</li><li><strong>[0:25-0:30] Cierre:</strong> ""Oídos de radar. ¡Confía en su proceso!""</li></ul>",Pendiente,107,2026-09-28 19:23:20.142,2026-09-28 19:23:20.142
cmulmxu670030szpx2izo2tx0,"🎬 Píldora 109: ""Música en modo triste (Menor)"" (Tip #74)",<ul><li><strong>Teoría MLT:</strong> Concepto MLT</li><li><strong>Aplicación Práctica:</strong> Ver guion abajo.</li><li><strong>Fuente:</strong> Guiones generados</li></ul>,"<ul><li><strong>[0:00-0:05] Gancho (Visual):</strong> Pones cara de melancolía. <em>Texto:</em> Canciones que dan pena. <em>Audio:</em> ""No tengas miedo a cantarle canciones tristes a tu hijo.""</li><li><strong>[0:05-0:15] Explicación:</strong> ""El modo 'Menor' suena melancólico y profundo. Si nunca lo escuchan de pequeños, les costará un mundo entenderlo de mayores.""</li><li><strong>[0:15-0:25] La Solución:</strong> ""Tararea nanas en tono menor (como 'Summertime'). Aprender a gestionar y sentir esa melancolía bonita desarrolla su inteligencia emocional.""</li><li><strong>[0:25-0:30] Cierre:</strong> ""Emociones completas. Sígueme en Musicabalú.""</li></ul>",Pendiente,108,2026-09-28 19:23:20.191,2026-09-28 19:23:20.191
cmulmxu7k0031szpxu7u83av2,"🎬 Píldora 110: ""No golpees el mismo sitio"" (Tip #75)",<ul><li><strong>Teoría MLT:</strong> Concepto MLT</li><li><strong>Aplicación Práctica:</strong> Ver guion abajo.</li><li><strong>Fuente:</strong> Guiones generados</li></ul>,"<ul><li><strong>[0:00-0:05] Gancho (Visual):</strong> Te golpeas el muslo repetidamente en el mismo punto exacto. <em>Texto:</em> Alterna las manos. <em>Audio:</em> ""Si marcas el ritmo siempre golpeando el mismo sitio, lo estás haciendo mal.""</li><li><strong>[0:05-0:15] Explicación:</strong> ""La repetición en un mismo punto espacial traba el flujo continuo. El ritmo necesita recorrer el espacio.""</li><li><strong>[0:15-0:25] La Solución:</strong> ""Da palmas alternando arriba y abajo, toca un muslo y luego el otro, o dibuja círculos amplios. Que el sonido se mueva por el espacio.""</li><li><strong>[0:25-0:30] Cierre:</strong> ""Espacio y ritmo van de la mano.""</li></ul>",Pendiente,109,2026-09-28 19:23:20.24,2026-09-28 19:23:20.24
cmulmxu8y0032szpx5ty06q7e,"🎬 Píldora 111: ""La escala de las emociones"" (Tip #76)",<ul><li><strong>Teoría MLT:</strong> Concepto MLT</li><li><strong>Aplicación Práctica:</strong> Ver guion abajo.</li><li><strong>Fuente:</strong> Guiones generados</li></ul>,"<ul><li><strong>[0:00-0:05] Gancho (Visual):</strong> Tocas el pecho y luego el estómago. <em>Texto:</em> Dónde resuena la música. <em>Audio:</em> ""Juega a sentir dónde vibra cada nota.""</li><li><strong>[0:05-0:15] Explicación:</strong> ""Las notas graves resuenan en el pecho y las agudas en la cabeza. Los bebés son súper sensibles a estas vibraciones.""</li><li><strong>[0:15-0:25] La Solución:</strong> ""Canta grave 'Bum-bum' poniéndote su mano en el pecho. Canta agudo 'Tin-tin' poniéndosela en tu frente. Conectará el sonido con la geografía de su cuerpo.""</li><li><strong>[0:25-0:30] Cierre:</strong> ""Música de cuerpo entero. ¡A probar!""</li></ul>",Pendiente,110,2026-09-28 19:23:20.291,2026-09-28 19:23:20.291
cmulmxuac0033szpx6msv1q7v,"🎬 Píldora 112: ""Tú eres su mejor conservatorio"" (Tip #77)",<ul><li><strong>Teoría MLT:</strong> Concepto MLT</li><li><strong>Aplicación Práctica:</strong> Ver guion abajo.</li><li><strong>Fuente:</strong> Guiones generados</li></ul>,"<ul><li><strong>[0:00-0:05] Gancho (Visual):</strong> Sonríes y señalas al espectador (los padres). <em>Texto:</em> Tú eres su mejor profesor. <em>Audio:</em> ""No necesitas profesores particulares para un niño de 2 años. Te necesita a ti.""</li><li><strong>[0:05-0:15] Explicación:</strong> ""El aprendizaje musical de 0 a 4 años se basa en el amor y el vínculo afectivo. Nadie puede cantar, respirar y fluir con él mejor que sus padres.""</li><li><strong>[0:15-0:25] La Solución:</strong> ""Canta sin miedo a desafinar. Balancéate con amor. Tu voz es su hogar musical y el cimiento de toda su futura inteligencia y sensibilidad.""</li><li><strong>[0:25-0:30] Cierre:</strong> ""Confía en tu voz. Y para todo lo demás, únete a Musicabalú.""</li></ul>",Pendiente,111,2026-09-28 19:23:20.341,2026-09-28 19:23:20.341
cmulmxubo0034szpxpv0cbaw7,"🎬 Píldora 113: ""Edwin Gordon y la Teoría del Aprendizaje Musical""","<p>Gordon demostró que el aprendizaje musical temprano (0-3 años) es crucial y se asimila de forma idéntica al desarrollo del lenguaje materno, en la etapa de Aculturación.</p>","<p><strong>Concepto:</strong> El cerebro del bebé absorbe la música como un idioma materno.</p>
<p><strong>Estrategia de Grabación:</strong> Graba el cuerpo del vídeo primero y luego los dos finales alternativos para separarlos en edición.</p>
<hr/>
<p><strong>(COMIENZA A GRABAR EL CUERPO)</strong></p>
<p>¿Sabías que la forma en que los bebés aprenden música ya ha sido descifrada por la ciencia?</p>
<p>A lo largo de su vida, el gran pedagogo e investigador Edwin Gordon demostró cómo aprende música nuestro cerebro. Y nos dejó una enseñanza brutal: los primeros años de vida son nuestra mayor ventana de oportunidad.</p>
<p>Según su 'Teoría del Aprendizaje Musical', en esos primeros años el cerebro del bebé absorbe la música exactamente igual que absorbe su idioma materno. Por eso, no podemos desaprovechar ese momento.</p>
<p><strong>(PAUSA Y CORTA EL CUERPO)</strong></p>
<p><strong>FINAL A (Redes Sociales):</strong><br/>
""En Musicabalú nos basamos 100% en su ciencia para hacer magia en clase. Síguenos para descubrir cómo potenciar el talento de tu peque.""</p>
<p><strong>FINAL B (Plataforma Web):</strong><br/>
""En nuestra comunidad usamos esta misma ciencia en cada juego. Sigue explorando las siguientes píldoras para entender cómo funciona.""</p>",Próxima,112,2026-09-28 19:23:20.389,2026-09-28 19:23:20.389
cmulmxud70035szpxlvlvaqnz,"🎬 Píldora 114: ""¿Por qué utilizamos canciones y recitados?""",<p>Separación de sintaxis tonal y rítmica para evitar saturación cognitiva. Uso de 8 modos para riqueza de vocabulario. Eliminación de texto distractor en etapas tempranas.</p>,"<p><strong>Concepto:</strong> Separación de tonalidad (canciones) y ritmo (recitados) + evitar letras distractoras y modos limitados.</p>
<p><strong>Estrategia de Grabación:</strong> Graba el cuerpo del vídeo primero y luego los dos finales alternativos para separarlos en edición.</p>
<hr/>
<p><strong>(COMIENZA A GRABAR EL CUERPO)</strong></p>
<p>Si te fijas, en nuestras clases usamos dos cosas muy distintas: <br/>
Canciones con melodía y recitados que son solo ritmo.</p>
<p>¿Por qué los separamos?<br/>
Es una de las grandes aportaciones de Edwin Gordon.</p>
<p>Al usar la voz cantada trabajamos la afinación, <br/>
y con la voz hablada trabajamos el pulso rítmico. <br/>
Separarlos ayuda al peque a interiorizar la diferencia y afinar muchísimo mejor.</p>
<p>Pero nuestras canciones tienen algo especial.<br/>
Casi todas las canciones infantiles tradicionales están en modo mayor o menor. <br/>
Nosotros utilizamos hasta 8 modos musicales diferentes para darles un vocabulario musical muchísimo más rico.</p>
<p>Y hay otra gran diferencia: <strong>las letras</strong>.<br/>
Normalmente, las canciones infantiles cuentan historias. <br/>
Pero según Gordon, hasta los 3 años... ¡el texto distrae al cerebro de escuchar la música!</p>
<p>Por eso, la mayoría de nuestras canciones no tienen letra, o si la tienen, es solo para acompañar un movimiento, no para contar un cuento.</p>
<p>Mucha más variedad musical, y cero distracciones.<br/>
Así es como el cerebro de tu peque aprende de verdad.</p>
<p><strong>(PAUSA Y CORTA EL CUERPO)</strong></p>
<p><strong>FINAL A (Redes Sociales):</strong><br/>
""Soy Javi, sígueme si quieres descubrir cómo potenciar a tu bebé a través de la música.""</p>
<p><strong>FINAL B (Plataforma Web):</strong><br/>
""Te animo a que explores las canciones de La Comunidad y busques cuáles no tienen texto.""</p>",Próxima,113,2026-09-28 19:23:20.444,2026-09-28 19:23:20.444